ConversionId,ConversionTimestamp,TDID,UID2,MatchedImpressionId,MatchedClickId,PartnerId,AdvertiserId,CampaignId,AdGroupId,CreativeId,ConversionType,ConversionValue,ConversionCurrency,AttributionType,AttributionWindowDays,OrderId,ProductId,Quantity,TrackingTagId,IsDeduplicated
a5a87cdb-80f0-4e94-81c0-d6cd693371d5,2024-11-24T09:58:02,TDID_F2FA8A35170C40A8,UID2_c06d954f29ab42feabda,f556c02f-0e5f-494b-868a-bb51300bccfe,0e40ec11-468e-4a47-a522-02b9bf40fab4,partner_5549,adv_finance_brand_002,cmp_invest_retirement,ag_invest_retir_performance_video,cr_ag_invest_retir_performance_video_1,Page View,258.99,USD,ClickThrough,30,ORD_128406,PROD_5237,2,tag_7021,True
8170df25-0fd4-4745-8bcc-33d2235cf5bb,2024-12-09T18:17:44,TDID_86CC02A10F8441CE,UID2_e0c7bba59d8447bfb3a2,c06d6a2a-b8b0-437f-894e-7dc6f9afdebf,3ab7925d-0afa-4e6e-be57-643213f4b5d5,partner_5557,adv_retail_brand_001,cmp_retail_clearance,ag_retail_clear_retargeting_display,cr_ag_retail_clear_retargeting_display_3,Newsletter Signup,259.91,USD,ClickThrough,7,ORD_110680,PROD_3609,5,tag_1570,True
767be747-4577-4baa-82f2-38de495c97fa,2024-12-12T21:45:43,TDID_2CE4CDCB4C604EB7,UID2_f189dcd3711f4d5eb551,7123baaf-7835-4198-9e92-dd14dc3f7fb3,49c604ea-3bd6-455a-ba34-ecee3807a4da,partner_4495,adv_health_brand_002,cmp_wellness_newyear,ag_wellness_new_prospecting_video,cr_ag_wellness_new_prospecting_video_3,App Install,242.64,USD,ClickThrough,14,ORD_632053,PROD_6902,1,tag_8388,True
6cc97f5b-e1bc-45fe-b2e9-55f25af11fdc,2024-12-10T13:23:38,TDID_F6C8404EF24641BC,UID2_7966fa939c6d49978c40,377ac333-1481-4a27-a877-cdf86b59b3e3,ad305c9f-7c60-4d41-87f5-64b539018170,partner_1223,adv_auto_brand_003,cmp_electra_ev_awareness,ag_electra_ev_a_prospecting_native,cr_ag_electra_ev_a_prospecting_native_1,App Install,130.15,USD,ClickThrough,14,ORD_374540,PROD_5770,4,tag_3810,True
5024c6be-d05f-447d-aeaf-4822100b5e49,2024-12-08T13:39:08,TDID_0012E6ABE67A4CA8,UID2_0d47f47d67db4a9394da,e3a66aac-3868-4793-87e5-c6dbb6a30459,250e4749-39b0-4f75-870a-d3949513f7ad,partner_9900,adv_auto_brand_002,cmp_speed_performance,ag_speed_perfor_performance_video,cr_ag_speed_perfor_performance_video_1,Lead Form,203.21,USD,ClickThrough,1,ORD_659488,PROD_6109,4,tag_7050,True
4d37f780-3d27-4c38-90a5-f861fce3314e,2024-12-01T09:48:09,TDID_260B7EE0174D43D1,UID2_ae6fb9d614c346dbac5b,e4670c91-089e-4034-afbe-9f2ae7d6e8d9,d484b2d0-a9db-4036-9d49-a2cd56caf57e,partner_1865,adv_retail_brand_002,cmp_shopsmart_loyalty,ag_shopsmart_lo_retargeting_native,cr_ag_shopsmart_lo_retargeting_native_1,Purchase,255.11,USD,ClickThrough,14,ORD_115087,PROD_8861,2,tag_1243,True
32e1d707-1a8e-4445-959c-f49eec4d20e3,2024-12-08T21:32:31,TDID_208583378ED94B6F,UID2_e996d781b5f34593a2fb,a329551f-d14d-443b-a914-bd0db62555ab,7f0de2e0-1077-450f-a911-7e0a07809cad,partner_7909,adv_finance_brand_002,cmp_invest_retirement,ag_invest_retir_performance_video,cr_ag_invest_retir_performance_video_1,Page View,375.83,USD,ClickThrough,1,ORD_929959,PROD_2993,1,tag_8586,True
6c0fd1d1-ad84-431e-b8f0-01d3bd543175,2024-12-15T13:56:15,TDID_80D83E55B4BF4235,UID2_1aa6a388c85f4038a139,a7acd774-7d37-496c-9007-2afdb6d8abae,0be12c51-8a33-4480-b12f-d26b38ddc0f7,partner_7666,adv_travel_brand_003,cmp_flight_holiday,ag_flight_holid_prospecting_video,cr_ag_flight_holid_prospecting_video_1,Purchase,392.27,USD,ClickThrough,7,ORD_813265,PROD_6189,1,tag_6099,True
3b96efb8-14cb-4148-9a77-2b5543d7fff0,2024-11-19T18:48:06,TDID_6F8D38F87AD14A60,UID2_094c8db7225f41538292,71b28c5e-8f4c-4477-875f-e741244858b3,13ffff63-b9d3-47b0-99a4-24312183f5ee,partner_2768,adv_health_brand_001,cmp_health_enrollment,ag_health_enrol_awareness_ctv,cr_ag_health_enrol_awareness_ctv_1,App Install,103.11,USD,ClickThrough,7,ORD_276240,PROD_2719,5,tag_9714,True
4d8268ef-80bf-49d0-bd17-a88fc71b3f2f,2024-11-26T21:43:19,TDID_A5ADD88616194E44,UID2_2f9f764c9b7543ec865d,fa727488-53fe-4131-9a30-27509e58ab24,4dad1b1c-bec5-4987-acc6-2d4a7bb0bbdd,partner_7107,adv_finance_brand_001,cmp_bank_savings,ag_bank_savings_performance_video,cr_ag_bank_savings_performance_video_1,Lead Form,305.41,USD,ClickThrough,1,ORD_352872,PROD_5299,1,tag_3250,True
73e30ee3-5ea5-4dfe-b9fd-7fbe2bba1d07,2024-12-12T22:18:06,TDID_B013DB13037E4FB5,UID2_047fdd36d184423681db,94c321f1-73a2-4bac-83e3-228a606544f3,2ed5d757-647c-4bfb-a0b6-5c4605d4cb3e,partner_8834,adv_travel_brand_002,cmp_vacation_cruise,ag_vacation_cru_performance_video,cr_ag_vacation_cru_performance_video_1,App Install,89.36,USD,ClickThrough,14,ORD_226985,PROD_9295,5,tag_3974,True
00b45a02-6f75-4c54-8cb4-49f112480e4e,2024-11-20T05:25:37,TDID_C00684E98F1F4B32,UID2_f265c79ea55e4664ab74,e1b3c6be-b8ed-4e1f-a872-c83c4337107b,52d70302-b511-4961-afa4-f50f5b98e012,partner_2629,adv_auto_brand_001,cmp_new_model_launch,ag_new_model_la_retargeting_display,cr_ag_new_model_la_retargeting_display_1,Purchase,302.55,USD,ClickThrough,30,ORD_311975,PROD_6905,2,tag_6311,True
0591fee9-9ea9-4678-9978-f4decc00da18,2024-11-23T07:57:07,TDID_BD02EFC5DCF143F1,UID2_8f0e9f855b3a4e358def,f795994a-108c-4b1b-867c-2efe938dc23d,7ceae153-f3c6-4007-9608-33c2ea30ae7b,partner_8556,adv_retail_brand_001,cmp_holiday_promo_2024,ag_holiday_prom_performance_display,cr_ag_holiday_prom_performance_display_3,Newsletter Signup,404.31,USD,ClickThrough,1,ORD_901088,PROD_9168,4,tag_4814,True
95fb5c12-a92c-46be-97a6-98551af8802e,2024-12-08T11:50:13,TDID_A045956A79D84996,UID2_1fb18791955e4943b1ba,43e4f3c3-cc48-470a-9e59-43d50a6ae864,07ddfa7b-476c-4586-9195-570944b6ad04,partner_1661,adv_retail_brand_001,cmp_brand_awareness_q4,ag_brand_awaren_retargeting_native,cr_ag_brand_awaren_retargeting_native_1,App Install,126.92,USD,ClickThrough,30,ORD_372240,PROD_9083,4,tag_4056,True
22fdb029-db71-4909-b89a-93e372a0c5fb,2024-11-23T16:53:47,TDID_BED276A317F44C98,UID2_e417884c7f7042dd8fd5,0fa28176-e806-4198-a10d-412ff46b67b3,e26d6865-3613-495f-927e-7edeacde540e,partner_4202,adv_auto_brand_001,cmp_new_model_launch,ag_new_model_la_awareness_video,cr_ag_new_model_la_awareness_video_1,Add to Cart,419.12,USD,ClickThrough,7,ORD_474580,PROD_5145,4,tag_4974,True
2c8c26c3-6e57-4ba9-bd57-72bf34949492,2024-12-13T16:22:03,TDID_129A3FF7C72F4BC4,UID2_8c858face55845a2ba2a,9386ff9a-31be-4145-99d8-ec9a388985cb,f66504b0-4044-4712-96fd-06a1239bb7a5,partner_1827,adv_travel_brand_002,cmp_vacation_cruise,ag_vacation_cru_prospecting_display,cr_ag_vacation_cru_prospecting_display_2,Newsletter Signup,53.28,USD,ClickThrough,14,ORD_239843,PROD_6854,3,tag_7602,True
2d94bbcb-b70e-422b-911d-4c1c622daef6,2024-12-13T09:57:25,TDID_5AAE4A2F728341BD,UID2_1ad1d126328b46bf8b68,93b6e149-7327-410c-878f-037bef217184,fbbd25fa-8da1-4d7c-a0ae-19dfc37f0448,partner_8231,adv_auto_brand_002,cmp_speed_performance,ag_speed_perfor_prospecting_video,cr_ag_speed_perfor_prospecting_video_3,Add to Cart,137.78,USD,ClickThrough,14,ORD_658534,PROD_8757,2,tag_1522,True
9d59f081-d7b3-4293-9d97-f0f602dd1b1c,2024-11-16T10:12:08,TDID_5BE28512E6BC4EF1,UID2_65360115d0514bd1b6b8,ce133527-be0c-4fd3-86de-2722f423eb6c,cc887d6a-6337-49a2-a4e6-661544b21817,partner_6456,adv_finance_brand_003,cmp_credit_rewards,ag_credit_rewar_awareness_video,cr_ag_credit_rewar_awareness_video_1,Lead Form,453.38,USD,ClickThrough,1,ORD_136929,PROD_3798,2,tag_8251,True
41e89fa6-1638-4b21-862b-2100dbdbf383,2024-11-29T07:36:22,TDID_30CD1DE2783A405F,UID2_cd442e8ae6c14456842f,4fb8ca31-ac2d-4923-bc26-0e270414b41f,e574c748-b86f-4d11-a91d-45e9bb8f621a,partner_3197,adv_retail_brand_001,cmp_holiday_promo_2024,ag_holiday_prom_retargeting_native,cr_ag_holiday_prom_retargeting_native_1,Lead Form,198.64,USD,ClickThrough,14,ORD_234726,PROD_4254,4,tag_2117,True
1252b25c-b4ff-4445-a831-8f6c3e56f1e2,2024-11-23T13:32:08,TDID_1D727F4C1B404A99,UID2_ddb05e3a8b6447c9b864,da4b48c5-fd9b-45d9-a070-168acf3dda59,7c74146e-d4f2-4da8-ab4f-370868d7820b,partner_2212,adv_retail_brand_001,cmp_retail_clearance,ag_retail_clear_performance_display,cr_ag_retail_clear_performance_display_2,Page View,326.06,USD,ClickThrough,7,ORD_286727,PROD_8102,4,tag_7991,True
c2a2326f-0b3b-4949-9280-dca3269a28d6,2024-11-30T00:46:05,TDID_D0C4BF28E3EB4FA5,UID2_ee7c024a047e4f73a9d7,48e7cfdc-6803-458e-b35e-6b36434a8776,fba8f06a-f675-4fe0-9679-5f6216490d97,partner_4826,adv_travel_brand_003,cmp_flight_holiday,ag_flight_holid_performance_display,cr_ag_flight_holid_performance_display_4,App Install,438.93,USD,ClickThrough,14,ORD_612921,PROD_9091,5,tag_2384,True
7527a2db-9e12-42e5-822e-7eb45adb4cea,2024-12-15T20:22:44,TDID_99982DF271D94079,UID2_297764d1275542228d8f,bc875647-3a8e-49be-876b-e3e9b8fc4023,23e1a518-d1ae-44f6-812b-d527e42dab31,partner_8006,adv_tech_brand_003,cmp_app_install,ag_app_install_retargeting_display,cr_ag_app_install_retargeting_display_1,App Install,202.83,USD,ClickThrough,7,ORD_569226,PROD_9133,3,tag_4902,True
aab1b807-b891-4aec-88ff-197cfcbef426,2024-12-13T11:43:46,TDID_173FF1DF6E6C417C,UID2_6fdc49c043c149889531,b5f44b98-f262-4c78-89b9-ea7f69c6a668,47c60843-bedb-4f0b-866e-af13e741f02a,partner_2260,adv_retail_brand_002,cmp_shopsmart_blackfriday,ag_shopsmart_bl_prospecting_native,cr_ag_shopsmart_bl_prospecting_native_1,Page View,108.84,USD,ClickThrough,14,ORD_453028,PROD_6247,5,tag_2371,True
7e5df97d-4a17-486d-96c3-9ee2eb203a29,2024-12-02T22:44:43,TDID_6BB4D409A2C44AF4,UID2_b0c65d28855d48909e5b,7d9850b3-c414-4735-bbc1-6538b930eacb,ee7d8374-eb88-472e-9b7f-dd354aa08c58,partner_3392,adv_travel_brand_002,cmp_vacation_cruise,ag_vacation_cru_retargeting_display,cr_ag_vacation_cru_retargeting_display_3,Newsletter Signup,302.85,USD,ClickThrough,1,ORD_241809,PROD_3702,3,tag_1011,True
6e9ddd1f-faa2-450b-9e6e-170341479730,2024-11-25T11:32:44,TDID_6122B2C76FB44416,UID2_000d2a35e149443f96fa,95482eaf-e84b-4ff8-ba38-1143b887c6bc,80a9637a-d76b-4e4b-814b-205ab2236454,partner_4156,adv_tech_brand_002,cmp_cloud_enterprise,ag_cloud_enterp_performance_display,cr_ag_cloud_enterp_performance_display_2,App Install,489.92,USD,ClickThrough,7,ORD_930235,PROD_8607,4,tag_5874,True
ab7227af-a426-49b8-a28d-8a0a48fb3163,2024-11-29T18:55:46,TDID_D0DAB1C4781A415B,UID2_bb0a8a6c79c5443b9bd9,3c1f8483-f6aa-43b6-aa33-9aeb5bc6e381,1c2ef69d-9ae1-4be7-a749-bc7e73e7f9bc,partner_4230,adv_health_brand_002,cmp_wellness_newyear,ag_wellness_new_retargeting_native,cr_ag_wellness_new_retargeting_native_2,App Install,389.47,USD,ClickThrough,7,ORD_772213,PROD_4545,2,tag_5536,True
975b13b1-158d-495a-92c5-8c6416ae68e4,2024-12-11T22:32:10,TDID_2E975EEEC3A340BC,UID2_c01526507f36471194e4,d2756bc0-234e-44b3-8d23-632175ca00f2,c681f586-c1ae-45c1-92ae-dc4eebbb2305,partner_3563,adv_travel_brand_003,cmp_flight_holiday,ag_flight_holid_awareness_video,cr_ag_flight_holid_awareness_video_2,Page View,339.25,USD,ClickThrough,7,ORD_387607,PROD_1763,1,tag_8089,True
7a0a73f9-b929-4c14-ae28-5398242bdc17,2024-12-10T22:16:13,TDID_6EB9B4819889400C,UID2_20c57325ed294b56bf43,5b0d2fff-cb5a-4acd-ab44-b84ab795858f,742d224f-4922-4765-a06b-0c26ea014299,partner_3370,adv_travel_brand_001,cmp_winter_getaway,ag_winter_getaw_prospecting_native,cr_ag_winter_getaw_prospecting_native_1,Add to Cart,259.15,USD,ClickThrough,14,ORD_877869,PROD_2131,3,tag_7059,True
5a918d3d-9ede-4536-8e77-4feeaa41bd82,2024-12-03T02:15:01,TDID_F23ABCCF1C4C42AB,UID2_724d6de962434cfb90fb,c537faf3-2ff3-47ad-b7fc-2951a5a8d8db,70ae4aa2-aad9-4b17-92db-55edd2f814a6,partner_2530,adv_travel_brand_001,cmp_travel_newyear,ag_travel_newye_prospecting_display,cr_ag_travel_newye_prospecting_display_1,App Install,111.25,USD,ClickThrough,14,ORD_676236,PROD_2876,2,tag_9003,True
608fd934-0946-4e42-b968-ae889400c7a1,2024-11-25T23:48:17,TDID_5DDA8BB575C84279,UID2_24e81e4cc41d44c59f96,2582ad6a-0508-46f6-b354-bd63c624fb32,33691e40-184d-4126-9ae8-f4e84a441383,partner_6103,adv_cpg_brand_002,cmp_clean_newyear,ag_clean_newyea_prospecting_native,cr_ag_clean_newyea_prospecting_native_1,Purchase,110.7,USD,ClickThrough,14,ORD_615439,PROD_4841,5,tag_2757,True
b1a19ffd-5ed3-416e-a77c-e5e1954579d9,2024-12-17T17:39:09,TDID_95041D320C964B97,UID2_3a65c2903a0a4e309edb,1a3b9119-f1cc-49ab-a990-17340c36699a,,partner_4118,adv_auto_brand_002,cmp_speed_performance,ag_speed_perfor_prospecting_video,cr_ag_speed_perfor_prospecting_video_1,Lead Form,499.0,USD,ViewThrough,7,ORD_798314,PROD_2258,2,tag_2454,True
8342be28-c84e-4fe2-8637-c19018a56b8d,2024-12-02T16:38:26,TDID_60940768E3314DEC,UID2_c4cb759198a249c6ab07,bfdb6fff-6923-4f50-9401-0d3b3dd0d31d,,partner_4146,adv_tech_brand_002,cmp_cloud_enterprise,ag_cloud_enterp_awareness_ctv,cr_ag_cloud_enterp_awareness_ctv_1,Add to Cart,128.15,USD,ViewThrough,1,ORD_136666,PROD_2983,3,tag_5206,True
883d285e-0c8c-4510-b786-7b253b9b1dcc,2024-12-15T01:52:55,TDID_02F1B16DE4F841A3,UID2_ec41d5dc9ba04a4f8171,192b4ae1-852f-48e6-90e5-70bb4f041ed5,,partner_1570,adv_tech_brand_003,cmp_app_install,ag_app_install_retargeting_display,cr_ag_app_install_retargeting_display_1,Lead Form,68.65,USD,ViewThrough,1,ORD_125378,PROD_6731,3,tag_7235,True
430b5ab1-96f2-4093-a2ad-c7f5d15d8a9b,2024-11-21T19:32:54,TDID_61735AE391564361,UID2_616a03bce16b473f81b8,c24e10d5-46e5-4007-8479-d905429df475,,partner_9199,adv_finance_brand_001,cmp_bank_mortgage,ag_bank_mortgag_retargeting_display,cr_ag_bank_mortgag_retargeting_display_2,Newsletter Signup,276.78,USD,ViewThrough,1,ORD_183570,PROD_7072,2,tag_2221,True
17b32146-d929-48f5-8ce3-d39fde8dc0bf,2024-12-14T04:51:52,TDID_622DCF2AAA994432,UID2_797a167359f2458d8a81,46e8f481-fca3-4f2f-8c2a-a7d05adb2fc8,,partner_6149,adv_travel_brand_001,cmp_travel_newyear,ag_travel_newye_prospecting_display,cr_ag_travel_newye_prospecting_display_1,Lead Form,472.71,USD,ViewThrough,1,ORD_288904,PROD_9394,2,tag_4433,True
e1222977-c8a6-4b0e-ae1e-ba9a8528352d,2024-12-02T19:48:45,TDID_F6C4E0B1CE05402A,UID2_41d7f58830664ba596b1,b31bb633-7d59-48e8-8d23-8c25605cbabc,,partner_3131,adv_auto_brand_001,cmp_auto_yearend_sale,ag_auto_yearend_retargeting_native,cr_ag_auto_yearend_retargeting_native_2,App Install,258.47,USD,ViewThrough,1,ORD_534254,PROD_7538,2,tag_9034,True
d15af282-b318-43c3-a0ad-d98d6387e389,2024-12-08T02:28:39,TDID_EB8EE27127D84FF7,UID2_959d80b4b6df4e56bd89,5b39468d-8b46-4338-bb10-3da2afc7ec0f,,partner_5586,adv_auto_brand_001,cmp_new_model_launch,ag_new_model_la_retargeting_display,cr_ag_new_model_la_retargeting_display_4,Page View,252.59,USD,ViewThrough,1,ORD_853304,PROD_5852,2,tag_6045,True
96a33a8d-24f3-4c0e-bc4b-002d2e6ea673,2024-12-21T20:46:09,TDID_365362A1A8D445B7,UID2_f524cd1d7bfc42d69148,ff1d68bd-444d-44ca-80a2-7e3be31739e2,,partner_4841,adv_health_brand_002,cmp_wellness_newyear,ag_wellness_new_prospecting_video,cr_ag_wellness_new_prospecting_video_3,Lead Form,127.66,USD,ViewThrough,7,ORD_460636,PROD_9336,1,tag_5431,True
0dbc2072-5de6-47e3-b587-49f07990b133,2024-12-19T12:04:25,TDID_FAB4CCEB73F74AF6,UID2_0d45d51639a943bebdd6,0bab5858-7b24-44dc-9c7d-325f7e719d0d,,partner_6589,adv_tech_brand_001,cmp_tech_holiday_bundle,ag_tech_holiday_prospecting_display,cr_ag_tech_holiday_prospecting_display_3,App Install,211.85,USD,ViewThrough,7,ORD_902444,PROD_5967,3,tag_4739,True
fba44d03-a9af-435d-b04b-05ed6997a357,2024-12-17T12:59:21,TDID_01A6E58EADCD4FB0,UID2_d8e14a9a6cdc4a63a452,275fe825-0466-40c2-a6eb-1be8c75c436e,,partner_9352,adv_finance_brand_001,cmp_bank_savings,ag_bank_savings_prospecting_video,cr_ag_bank_savings_prospecting_video_1,Add to Cart,28.4,USD,ViewThrough,1,ORD_351077,PROD_8866,3,tag_4475,True
d582519e-88c2-4f14-a2bd-67db71709c50,2024-12-12T08:39:07,TDID_70DFB36A044B4908,UID2_9576ae7951a142e9aa59,f7e3ab92-1e0f-44da-8f82-e7fca1e89ace,,partner_4932,adv_tech_brand_002,cmp_cloud_enterprise,ag_cloud_enterp_awareness_ctv,cr_ag_cloud_enterp_awareness_ctv_1,Lead Form,145.63,USD,ViewThrough,1,ORD_186490,PROD_4691,1,tag_9641,True
97cb4fec-bd42-4e9b-8761-1a453570fd30,2024-12-13T17:57:52,TDID_315BC0372F074B8E,UID2_3c0ffb32e46f422d9aa3,427cbb6a-3ccc-4d21-8e93-8288bf4d4bfb,,partner_5381,adv_travel_brand_002,cmp_vacation_cruise,ag_vacation_cru_prospecting_display,cr_ag_vacation_cru_prospecting_display_4,Lead Form,123.79,USD,ViewThrough,7,ORD_204500,PROD_9814,2,tag_2520,True
1c50a45e-afae-4296-816b-7418a881f360,2024-11-20T08:16:57,TDID_31E458C9639C4F0A,UID2_83f0603e3c58462ebc3d,093ccfba-b423-46a9-8828-012c2dd9514e,,partner_7041,adv_tech_brand_001,cmp_tech_product_launch,ag_tech_product_awareness_ctv,cr_ag_tech_product_awareness_ctv_1,Lead Form,167.2,USD,ViewThrough,1,ORD_407441,PROD_8240,1,tag_1352,True
1d73a929-83a9-4d7a-8379-06ca18ca6701,2024-12-18T02:03:29,TDID_89B2AA7B68DB4D6B,UID2_dcd95025f06149e19e7c,c3fb750c-9ddd-4f43-9816-c0344d26194d,,partner_8386,adv_travel_brand_002,cmp_vacation_cruise,ag_vacation_cru_performance_video,cr_ag_vacation_cru_performance_video_2,App Install,185.94,USD,ViewThrough,7,ORD_857399,PROD_3835,1,tag_6868,True
dbf498dc-9e99-4210-8a62-85b67b4f3d4a,2024-12-04T20:01:37,TDID_F2692AF96CA14D1C,UID2_e2b84f80734b48d480b7,138b355d-c83d-4394-bfd5-b181efce44ca,,partner_1396,adv_auto_brand_003,cmp_electra_test_drive,ag_electra_test_prospecting_display,cr_ag_electra_test_prospecting_display_1,Add to Cart,312.81,USD,ViewThrough,1,ORD_199743,PROD_2439,2,tag_2527,True
632420b9-ac2a-4d25-8035-7459582bac03,2024-12-08T09:29:15,TDID_0AA0E0B410D64C73,UID2_01b2ef0a3ec4462caa2e,1cf2bd09-0b19-473f-a099-6f50a175fc8c,,partner_8247,adv_tech_brand_001,cmp_tech_product_launch,ag_tech_product_prospecting_display,cr_ag_tech_product_prospecting_display_4,Purchase,322.81,USD,ViewThrough,7,ORD_383499,PROD_6514,2,tag_6678,True
4990e4ce-e399-482d-962b-daa832e3c6d4,2024-11-28T07:28:50,TDID_AAC1EBF6EA584645,UID2_e1bf9711af02450dae59,fc149b80-eb08-49b2-9e7a-41c712df1ffe,,partner_5073,adv_retail_brand_002,cmp_shopsmart_blackfriday,ag_shopsmart_bl_prospecting_native,cr_ag_shopsmart_bl_prospecting_native_1,Purchase,337.69,USD,ViewThrough,1,ORD_662070,PROD_5382,2,tag_6455,True
e2454e61-d588-46b1-b0e7-7521c05c244d,2024-12-13T03:33:38,TDID_91E41CAF8B454FE4,UID2_253dd7023f4e4d5cba21,c8f20849-474c-46f3-893d-bbc829b08013,,partner_4695,adv_travel_brand_002,cmp_vacation_cruise,ag_vacation_cru_performance_video,cr_ag_vacation_cru_performance_video_3,Lead Form,113.95,USD,ViewThrough,7,ORD_709505,PROD_8001,1,tag_1214,True
1568df4b-f47e-42e7-8765-40e65bf13d8b,2024-11-27T05:04:31,TDID_0B7B7BF304A34C72,UID2_88d336160ead4a7b9c00,39227334-7f27-4fae-92c5-116ce70d7115,,partner_1202,adv_auto_brand_003,cmp_electra_test_drive,ag_electra_test_retargeting_native,cr_ag_electra_test_retargeting_native_1,Lead Form,317.2,USD,ViewThrough,7,ORD_606230,PROD_1322,2,tag_4507,True
ff926d0f-e7a0-4653-8058-a9656ff9925f,2024-11-21T14:57:07,TDID_84361C90E7564E65,UID2_1509c04904da4da1b17f,bf80249b-9c3e-4f6b-8cec-390fc2b1a971,,partner_9870,adv_travel_brand_003,cmp_flight_holiday,ag_flight_holid_performance_display,cr_ag_flight_holid_performance_display_4,Newsletter Signup,312.4,USD,ViewThrough,7,ORD_447433,PROD_4133,1,tag_7959,True
1a649b26-e8d4-46d2-9453-81eabfa96831,2024-11-21T20:16:14,TDID_B8ACB3E07D9C4B10,UID2_695f778eb8d3485eaee4,0f252fee-3850-4271-9ebe-dc74f28e962b,,partner_7905,adv_retail_brand_001,cmp_retail_clearance,ag_retail_clear_retargeting_display,cr_ag_retail_clear_retargeting_display_2,Newsletter Signup,280.49,USD,ViewThrough,7,ORD_218593,PROD_6280,2,tag_2038,True
3eec414b-4bcf-4269-b5e3-c2911acaed0e,2024-12-14T23:51:58,TDID_68CC97EB9FB64445,UID2_5a7c891afef943469b5a,51c9faf6-4d29-4798-bceb-b14cfc8b0fe6,,partner_3337,adv_finance_brand_001,cmp_bank_savings,ag_bank_savings_awareness_ctv,cr_ag_bank_savings_awareness_ctv_1,Page View,387.64,USD,ViewThrough,1,ORD_628625,PROD_6377,2,tag_2059,True
f3202deb-2ab2-4ce6-be75-c6d70dd2355e,2024-11-26T13:35:02,TDID_56AC168D58F64F54,UID2_89e39d7f67ce422e82f2,153b51ad-94a8-4d4a-8366-d88e164600be,,partner_5413,adv_retail_brand_003,cmp_megamart_grocery,ag_megamart_gro_prospecting_display,cr_ag_megamart_gro_prospecting_display_2,Page View,441.49,USD,ViewThrough,1,ORD_630527,PROD_3783,2,tag_3485,True
3ccf5c74-523e-4ee6-b418-e2f2baa43048,2024-11-22T13:36:15,TDID_93D68D40A2DB4ED6,UID2_c129fa4f494e40aab798,38ea5164-fb39-4f4e-9ab8-5311fd449f2b,,partner_5537,adv_auto_brand_002,cmp_speed_performance,ag_speed_perfor_performance_video,cr_ag_speed_perfor_performance_video_2,Purchase,169.1,USD,ViewThrough,1,ORD_631171,PROD_4048,1,tag_1461,True
23943532-1bdc-4dba-af76-4ce11bc2a2b2,2024-12-04T03:48:23,TDID_E776346CF90B41AD,UID2_c38054293acc41f6bf3b,c36e6042-180a-4f52-8af2-5429b295d139,,partner_9671,adv_cpg_brand_002,cmp_clean_newyear,ag_clean_newyea_prospecting_native,cr_ag_clean_newyea_prospecting_native_2,Add to Cart,415.19,USD,ViewThrough,1,ORD_395870,PROD_6792,2,tag_3305,True
d500ca00-3c1e-4aeb-97da-ce81166a1424,2024-12-01T23:52:48,TDID_4534912AFC734585,UID2_4f40c940a0c34c988b9b,b3d934a9-185e-43d1-9a0a-4adc92ae79d6,,partner_7401,adv_health_brand_001,cmp_health_enrollment,ag_health_enrol_performance_video,cr_ag_health_enrol_performance_video_2,Add to Cart,470.35,USD,ViewThrough,7,ORD_933260,PROD_5741,1,tag_6281,True
469cb6ff-cfa2-4432-82d1-0dcaa7805841,2024-11-28T03:51:00,TDID_B268F57F53044BA7,UID2_b61f402b274d4b51955e,f56030f6-7fb2-4203-8d52-59e1f6c1f7a3,,partner_2149,adv_auto_brand_001,cmp_auto_yearend_sale,ag_auto_yearend_prospecting_native,cr_ag_auto_yearend_prospecting_native_1,Add to Cart,302.38,USD,ViewThrough,7,ORD_731522,PROD_2988,1,tag_4939,True
ecfa2fd8-82ae-42a1-a174-0d7b53e1ebc3,2024-11-19T07:56:16,TDID_435FF35610EB4B9D,UID2_859f73327c3044e2bbf5,519f34a8-84dd-42ba-99cf-b89fa8fb7566,,partner_7963,adv_travel_brand_002,cmp_vacation_cruise,ag_vacation_cru_awareness_video,cr_ag_vacation_cru_awareness_video_2,Purchase,124.35,USD,ViewThrough,1,ORD_771236,PROD_4846,2,tag_4810,True
24240919-e6b8-410c-918b-ad16c7e3597f,2024-12-04T20:40:58,TDID_43FB46B2A78D41BC,UID2_c78260c058e14f15861f,bdcd3128-3416-489f-822b-8eda24054b10,,partner_7609,adv_travel_brand_003,cmp_flight_holiday,ag_flight_holid_prospecting_video,cr_ag_flight_holid_prospecting_video_2,App Install,171.73,USD,ViewThrough,1,ORD_300610,PROD_7043,1,tag_7405,True
f9357f53-2066-4c4f-8715-71c454d86ae0,2024-12-16T16:13:21,TDID_DB4164FFCAD54123,UID2_ccca0887112b4a2986e5,ad8780a4-509b-47e0-9818-34690ca48e1b,,partner_7722,adv_retail_brand_001,cmp_retail_clearance,ag_retail_clear_retargeting_display,cr_ag_retail_clear_retargeting_display_2,Purchase,294.27,USD,ViewThrough,1,ORD_922881,PROD_8277,2,tag_5850,True
42f88520-d2d2-48e9-ab89-01d36e92b121,2024-11-21T06:27:51,TDID_4E6D71A8770845FB,UID2_14f1bab335c14974bafa,b0c4f63e-8fdb-4d0d-8776-dd60d3128c81,,partner_2337,adv_retail_brand_002,cmp_shopsmart_loyalty,ag_shopsmart_lo_performance_display,cr_ag_shopsmart_lo_performance_display_2,Newsletter Signup,249.11,USD,ViewThrough,1,ORD_734530,PROD_8101,1,tag_8301,True
767c7461-d789-447b-9ee3-46ea9f441cba,2024-12-04T22:21:22,TDID_28687A6985D34756,UID2_6d599fd61347429d9dc9,a3145c53-0032-4d2c-8cd0-495614e4a65e,,partner_9520,adv_finance_brand_002,cmp_invest_retirement,ag_invest_retir_performance_video,cr_ag_invest_retir_performance_video_1,Page View,290.05,USD,ViewThrough,1,ORD_753060,PROD_9118,2,tag_3099,True
e663b7c8-acd3-440f-a561-a4c7382955f8,2024-12-20T17:34:02,TDID_4B256B4D1CD241EA,UID2_bd59a99de1674fef8b3c,3cdce300-bb05-4799-bff1-7b2fe8921702,,partner_4146,adv_ent_brand_002,cmp_game_launch,ag_game_launch_prospecting_video,cr_ag_game_launch_prospecting_video_2,Add to Cart,64.48,USD,ViewThrough,1,ORD_708909,PROD_2162,3,tag_3136,True
18eee916-4d90-47ac-b26d-6b8db8590411,2024-12-05T19:50:30,TDID_F1AA958E96864B29,UID2_20355b1485234b0498bb,40923786-4fdb-40fb-9aee-28ee82212da9,,partner_6519,adv_travel_brand_003,cmp_flight_holiday,ag_flight_holid_awareness_video,cr_ag_flight_holid_awareness_video_2,Purchase,243.53,USD,ViewThrough,7,ORD_427107,PROD_4443,2,tag_8450,True
0f01decc-c58a-415c-8a6d-47ea3945c819,2024-12-06T22:04:24,TDID_DEC40BFBA9E242BB,UID2_a2ecbe1c67c042cb85f0,dfabd725-38f3-4f8f-8193-ba89882b37a4,,partner_8645,adv_travel_brand_002,cmp_vacation_cruise,ag_vacation_cru_prospecting_display,cr_ag_vacation_cru_prospecting_display_4,Purchase,250.76,USD,ViewThrough,7,ORD_411275,PROD_6702,3,tag_6339,True
651eab73-5a3f-4a26-87e5-bf6c3e2d6bb7,2024-11-29T18:14:13,TDID_47CF90B666BB41E7,UID2_a6bb5b2d29fb477ea934,679b1bd9-f3b7-499f-a99b-2fb82b0cada8,,partner_3307,adv_cpg_brand_001,cmp_fresh_holiday,ag_fresh_holida_retargeting_native,cr_ag_fresh_holida_retargeting_native_1,Newsletter Signup,361.45,USD,ViewThrough,7,ORD_442296,PROD_2418,3,tag_7400,True
d9a6cde0-4cb8-4735-8fdb-a2b5a8532677,2024-12-13T13:26:06,TDID_74BB05C8178648B2,UID2_24767a1ad6c743f39916,5b48ad57-ed7d-4f47-82a1-02dba849966f,,partner_7133,adv_retail_brand_002,cmp_shopsmart_blackfriday,ag_shopsmart_bl_retargeting_native,cr_ag_shopsmart_bl_retargeting_native_2,Page View,320.48,USD,ViewThrough,1,ORD_960619,PROD_6569,3,tag_2687,True
35d07a4a-7dfe-4ebc-aefe-63d6902c0710,2024-11-28T09:38:08,TDID_44FF65DD18684655,UID2_8e19990118934d0db360,72b4965b-db66-4a95-b741-6eae000f6bf2,,partner_6998,adv_auto_brand_003,cmp_electra_test_drive,ag_electra_test_awareness_ctv,cr_ag_electra_test_awareness_ctv_1,Purchase,62.56,USD,ViewThrough,1,ORD_223988,PROD_4123,1,tag_3608,True
776264ff-0517-4fcb-81c6-fc520748d955,2024-12-02T02:46:35,TDID_49E8EB7002884401,UID2_a7de156ada48491bafa0,2636095e-a464-43df-899f-2ce4858e6213,,partner_6635,adv_cpg_brand_001,cmp_fresh_holiday,ag_fresh_holida_retargeting_native,cr_ag_fresh_holida_retargeting_native_2,Purchase,272.44,USD,ViewThrough,1,ORD_307030,PROD_9711,3,tag_2926,True
cd40a719-b02f-4244-bcc4-79b17ec6104c,2024-12-14T06:22:17,TDID_2425C5F9E0B249FB,UID2_fd04a161d41547428260,faf8291f-9cc0-44ff-92ae-eb404b3f799d,,partner_4203,adv_auto_brand_003,cmp_electra_ev_awareness,ag_electra_ev_a_retargeting_native,cr_ag_electra_ev_a_retargeting_native_2,Newsletter Signup,96.22,USD,ViewThrough,1,ORD_224560,PROD_1126,3,tag_5476,True
f8d17cfc-f03e-4ce0-b37f-691df9de4d95,2024-12-02T01:21:56,TDID_19070C0F72E649DA,UID2_e30146e9c70a4234b4d4,76ccada4-2715-44dd-aa4d-57e420fc5230,,partner_9680,adv_travel_brand_001,cmp_travel_newyear,ag_travel_newye_prospecting_display,cr_ag_travel_newye_prospecting_display_3,Lead Form,227.2,USD,ViewThrough,7,ORD_713812,PROD_2042,3,tag_9630,True
1a1f24e1-6e80-4440-8f88-41bc611cbb52,2024-11-21T19:21:04,TDID_188075901A234DCF,UID2_1a37e7f3a21d4a5ba472,24724d90-5ac8-4f12-b19c-fef6bb8861d2,,partner_1575,adv_finance_brand_003,cmp_credit_rewards,ag_credit_rewar_retargeting_display,cr_ag_credit_rewar_retargeting_display_1,Add to Cart,161.06,USD,ViewThrough,7,ORD_563342,PROD_7677,2,tag_9661,True
8bb212d2-31c8-4756-ae55-b50e562cdf33,2024-12-19T04:59:21,TDID_1A0F46864003474D,UID2_835b8d2bac5743559ed9,af483496-8f95-4063-b3a1-03eeaed245d2,,partner_9102,adv_ent_brand_001,cmp_stream_holiday,ag_stream_holid_retargeting_display,cr_ag_stream_holid_retargeting_display_3,Add to Cart,417.46,USD,ViewThrough,7,ORD_839683,PROD_1045,3,tag_8923,True
8e690826-5162-4d7a-85f6-05d37854305b,2024-12-15T12:47:27,TDID_E3D643B0BB3F49EE,UID2_d4f993b2704349a4a3a1,f31cb483-1fa3-42fd-bccb-1bdf374847fa,,partner_6783,adv_retail_brand_001,cmp_holiday_promo_2024,ag_holiday_prom_performance_display,cr_ag_holiday_prom_performance_display_2,Page View,197.95,USD,ViewThrough,7,ORD_723546,PROD_6376,1,tag_3018,True
d5be1eee-76fa-4985-8fac-c48c3868088a,2024-12-14T12:00:29,TDID_09D5DBDE8F8646D6,UID2_8f56b1dcd4c34b84a801,2d682823-540c-4d20-9c14-40380270d023,,partner_8874,adv_retail_brand_002,cmp_shopsmart_blackfriday,ag_shopsmart_bl_performance_video,cr_ag_shopsmart_bl_performance_video_1,Purchase,102.08,USD,ViewThrough,1,ORD_371283,PROD_7283,2,tag_3406,True
011897f5-6060-476b-932c-bc59a7d5edc9,2024-11-23T09:32:46,TDID_9C188FE957B24092,UID2_bea760de37714c4caa04,3e8a094c-cbec-4f5e-8739-8bce8324dd74,,partner_7137,adv_cpg_brand_001,cmp_fresh_holiday,ag_fresh_holida_performance_video,cr_ag_fresh_holida_performance_video_2,Page View,204.83,USD,ViewThrough,1,ORD_593009,PROD_8232,1,tag_4469,True
fce98fc0-7019-4d05-b741-70686265aac9,2024-12-08T07:20:02,TDID_654AD443980D46F3,UID2_75b3c1def0414795bda5,505615c1-69b2-4047-a388-4e5f8bd04ac0,,partner_7670,adv_travel_brand_002,cmp_vacation_cruise,ag_vacation_cru_prospecting_display,cr_ag_vacation_cru_prospecting_display_2,Page View,69.44,USD,ViewThrough,7,ORD_585068,PROD_7778,1,tag_9414,True
e533f86b-1984-4c13-8177-8f3991d19b9f,2024-12-20T17:29:57,TDID_DCC2C6EC4F504084,UID2_b56ad8f3d58b4ba18709,a2e44076-15e1-46fe-b0ff-942043584220,,partner_8685,adv_auto_brand_003,cmp_electra_ev_awareness,ag_electra_ev_a_retargeting_native,cr_ag_electra_ev_a_retargeting_native_2,Newsletter Signup,58.87,USD,ViewThrough,1,ORD_912224,PROD_2677,3,tag_8029,True
ee1ce2c7-4229-474a-9ce2-28f598ea4134,2024-12-06T22:59:10,TDID_2D133E5D11034554,UID2_2346cf4acd2043ada65f,974a9c7e-d353-4989-bf9b-75a5478751e8,,partner_7144,adv_finance_brand_001,cmp_bank_mortgage,ag_bank_mortgag_retargeting_display,cr_ag_bank_mortgag_retargeting_display_1,App Install,93.37,USD,ViewThrough,7,ORD_119271,PROD_6655,1,tag_5127,True
6efbe9a1-549a-4d0a-a31a-c3e6e7d585d0,2024-12-07T00:19:00,TDID_6F2304DA47F14333,UID2_35352040730c404ba9a4,6de2b937-e94f-417e-a516-81ee6cdcc380,,partner_1432,adv_health_brand_001,cmp_health_enrollment,ag_health_enrol_prospecting_video,cr_ag_health_enrol_prospecting_video_3,Page View,65.22,USD,ViewThrough,7,ORD_554588,PROD_3921,2,tag_3308,True
e7284066-edf6-4f92-899e-40fb1fd495a1,2024-11-26T06:06:32,TDID_FB9037C093974683,UID2_838d2cd3b0384f7bbee1,9789ae34-2ac6-4bd3-807a-6d16e749d692,,partner_1111,adv_auto_brand_001,cmp_auto_yearend_sale,ag_auto_yearend_retargeting_native,cr_ag_auto_yearend_retargeting_native_2,App Install,52.34,USD,ViewThrough,7,ORD_765239,PROD_5275,3,tag_4774,True
665bd0db-3852-4264-ac79-d35a633e50b8,2024-12-01T18:41:34,TDID_FC1567D99A7F48FA,UID2_8bc72d29ccde450e9a03,dbbac062-9f9f-471a-8767-0baf4915f8a9,,partner_1521,adv_travel_brand_003,cmp_flight_holiday,ag_flight_holid_awareness_video,cr_ag_flight_holid_awareness_video_2,Newsletter Signup,241.9,USD,ViewThrough,7,ORD_895783,PROD_2217,2,tag_3766,True
21ca2646-2f3c-4656-a4d6-a3901ae6e8f8,2024-11-22T07:26:41,TDID_B87C92A1961146E0,UID2_a285d6ea4bfa4680a008,ba6af1a4-16c4-4bc2-98ba-28e9a6c1bcba,,partner_9636,adv_cpg_brand_002,cmp_clean_newyear,ag_clean_newyea_prospecting_native,cr_ag_clean_newyea_prospecting_native_1,Page View,254.99,USD,ViewThrough,7,ORD_482070,PROD_8934,1,tag_4044,True
7110b24e-c2ce-4d28-9dbd-ebba938df310,2024-12-14T01:23:12,TDID_34A8A81675ED4C7F,UID2_63a414ba49b1426d8a70,38b0efb6-dad4-417d-844d-70228bde7b48,,partner_3772,adv_cpg_brand_001,cmp_fresh_holiday,ag_fresh_holida_performance_video,cr_ag_fresh_holida_performance_video_3,Lead Form,189.19,USD,ViewThrough,7,ORD_575193,PROD_1343,3,tag_8926,True
329cbf5b-8a79-49d0-b214-7a49c54dc368,2024-12-05T11:13:46,TDID_636D31652C9B496C,UID2_5169bc4e2ed2477985ac,8070d730-a027-4e90-8a17-ce307090c4ea,,partner_8528,adv_auto_brand_003,cmp_electra_ev_awareness,ag_electra_ev_a_retargeting_native,cr_ag_electra_ev_a_retargeting_native_1,Page View,304.89,USD,ViewThrough,7,ORD_519597,PROD_7126,1,tag_2988,True
37142e19-1cdd-48e8-a15d-529028b0e613,2024-11-27T04:54:11,TDID_B92A0F86170F407C,UID2_889fdc9bfec34353b4aa,7320b400-19d8-4689-b5bf-38cdd7f22c40,,partner_3268,adv_retail_brand_003,cmp_megamart_grocery,ag_megamart_gro_prospecting_display,cr_ag_megamart_gro_prospecting_display_2,Lead Form,248.37,USD,ViewThrough,1,ORD_987159,PROD_1724,2,tag_2631,True
a554ee48-e5cc-40db-b156-0f86fa34e1ae,2024-12-06T09:43:28,TDID_87F5898FBFA948A6,UID2_719f37ee377f40d5b93d,2794f8c5-81d8-4c98-8373-e8ac2c5e7c4a,,partner_3773,adv_health_brand_002,cmp_wellness_newyear,ag_wellness_new_prospecting_video,cr_ag_wellness_new_prospecting_video_3,Lead Form,96.33,USD,ViewThrough,1,ORD_265616,PROD_2943,3,tag_8982,True
bdc97a74-6efe-43ed-b78b-f59cef318812,2024-12-01T09:35:32,TDID_BF1A3151E5CD4AC5,UID2_f42509cf8ff742ca8cc7,6a413ef5-8ff7-42ae-ae93-a785e44b042d,,partner_8888,adv_auto_brand_003,cmp_electra_test_drive,ag_electra_test_prospecting_display,cr_ag_electra_test_prospecting_display_2,Newsletter Signup,83.17,USD,ViewThrough,7,ORD_661807,PROD_2208,2,tag_7723,True
446898ca-47c5-4eeb-b104-01cbf2a6f65c,2024-11-24T23:51:16,TDID_038FC2E2F4A24867,UID2_36300647d7d14153acd8,e83c91d3-5a48-4eea-b204-62236740a64a,,partner_1027,adv_retail_brand_002,cmp_shopsmart_blackfriday,ag_shopsmart_bl_performance_video,cr_ag_shopsmart_bl_performance_video_2,App Install,288.67,USD,ViewThrough,1,ORD_837583,PROD_1569,2,tag_8962,True
51144f52-15ed-43e0-a741-421e0fce0463,2024-12-07T22:28:22,TDID_73DA608E92E54FAC,UID2_a1dfabad243b450b8edd,ebf3307f-7f79-485b-9c05-d279afbff90c,,partner_4363,adv_ent_brand_001,cmp_stream_holiday,ag_stream_holid_retargeting_display,cr_ag_stream_holid_retargeting_display_3,Newsletter Signup,78.59,USD,ViewThrough,1,ORD_157269,PROD_1043,2,tag_2863,True
f6f6113e-299d-491b-91de-5b16c0e494a6,2024-12-10T03:04:43,TDID_2A520BECC546419B,UID2_6eb2880964b04af3b9c9,fc04fc1a-d3f6-463b-8ebb-a5bac13c1c33,,partner_3967,adv_finance_brand_003,cmp_credit_rewards,ag_credit_rewar_awareness_video,cr_ag_credit_rewar_awareness_video_3,Add to Cart,156.76,USD,ViewThrough,1,ORD_963353,PROD_3510,1,tag_9485,True
2c7d1d4f-f6e1-42ab-ac3d-8a6435c598d5,2024-12-05T05:06:40,TDID_72FDC46BED434E19,UID2_4a37a5e108944cb9b2e6,d8ef2611-b8ce-45f9-9042-2bc520326a7c,,partner_6320,adv_tech_brand_002,cmp_cloud_enterprise,ag_cloud_enterp_retargeting_native,cr_ag_cloud_enterp_retargeting_native_2,App Install,442.09,USD,ViewThrough,7,ORD_346952,PROD_7008,1,tag_1163,True
596f3582-0067-4142-9a98-e6c7af503752,2024-11-18T15:11:34,TDID_8B4D0C7F27E94F20,UID2_628379df23504027978e,8467f146-3dff-495f-a956-53e40a41d1b4,,partner_2620,adv_travel_brand_001,cmp_winter_getaway,ag_winter_getaw_performance_display,cr_ag_winter_getaw_performance_display_1,Lead Form,263.47,USD,ViewThrough,1,ORD_923664,PROD_6846,2,tag_9406,True
b6cd6404-5b4d-4949-aee6-cd75bf273b24,2024-12-10T12:42:23,TDID_F5F0F9A5B4F04765,UID2_abf6ba876b014109860b,ebc30d6c-e666-4ba6-9573-2afb356016d0,,partner_9882,adv_retail_brand_002,cmp_shopsmart_blackfriday,ag_shopsmart_bl_performance_video,cr_ag_shopsmart_bl_performance_video_3,Page View,96.93,USD,ViewThrough,1,ORD_942752,PROD_2525,3,tag_8430,True
c34218e4-627b-4cfd-b4cd-4cf6ed6e082a,2024-11-25T01:17:29,TDID_2A3FC6DFE73C4E25,UID2_34d5c7ca48074101a3fd,2f26edba-595c-4a4c-9ed7-8782a2ca366e,,partner_4504,adv_finance_brand_003,cmp_credit_rewards,ag_credit_rewar_awareness_video,cr_ag_credit_rewar_awareness_video_3,Purchase,280.14,USD,ViewThrough,7,ORD_163781,PROD_6748,1,tag_3910,True
97dee457-e108-454e-bc69-6eed49f3cfe3,2024-12-04T05:06:33,TDID_A847B2014AC142A8,UID2_1678deb7735f48b8ad04,0aa2b0e4-6e50-4559-acab-b1e0592e0b67,,partner_2685,adv_tech_brand_003,cmp_app_install,ag_app_install_retargeting_display,cr_ag_app_install_retargeting_display_2,Newsletter Signup,37.43,USD,ViewThrough,7,ORD_145277,PROD_1685,2,tag_7710,True
71c43a8a-923c-494f-be5a-e680ec54066e,2024-12-16T16:08:33,TDID_C3F6EE38C2434EAE,UID2_5b1905b541194945994d,25145c53-da69-4c29-838d-498cd1cbe6d3,,partner_7630,adv_retail_brand_003,cmp_megamart_grocery,ag_megamart_gro_prospecting_display,cr_ag_megamart_gro_prospecting_display_1,App Install,120.69,USD,ViewThrough,7,ORD_415871,PROD_5780,3,tag_6648,True
e899316e-265f-46ff-8b6b-88db4bcc947d,2024-12-21T08:20:46,TDID_385387E251BC43F6,UID2_8284fccc542c441486cc,c896aded-dfd4-49d4-b80a-d8c054ff5766,,partner_7110,adv_health_brand_002,cmp_wellness_newyear,ag_wellness_new_prospecting_video,cr_ag_wellness_new_prospecting_video_3,App Install,320.77,USD,ViewThrough,7,ORD_127352,PROD_2989,2,tag_2871,True
428af02c-0c62-4063-91cd-649b188c5818,2024-12-17T00:02:29,TDID_DB52FEBEF022461C,UID2_9942ebc43e0344e39a24,6539a2c1-6355-4641-b79d-502c84ca8d6b,,partner_5171,adv_auto_brand_003,cmp_electra_ev_awareness,ag_electra_ev_a_prospecting_native,cr_ag_electra_ev_a_prospecting_native_3,Purchase,491.84,USD,ViewThrough,7,ORD_439716,PROD_6005,1,tag_3879,True
fd6d474f-6478-48f4-9b0e-37e14f7fab83,2024-12-05T07:22:59,TDID_EEA9F2143ED540A1,UID2_ab52e35597ee4822a35a,5a7d1899-7bce-4054-8aef-86659af72872,,partner_9560,adv_finance_brand_002,cmp_invest_retirement,ag_invest_retir_awareness_ctv,cr_ag_invest_retir_awareness_ctv_1,Add to Cart,66.49,USD,ViewThrough,1,ORD_598510,PROD_4270,3,tag_6283,True
21f7234e-84f7-4d6f-8a3b-119dbeee9d2b,2024-11-23T16:09:49,TDID_8C89D64081034197,UID2_415a4c68b6fa4bd4aab0,7a103c15-4e25-4dfe-b4e0-c925b513a3b2,,partner_7336,adv_finance_brand_001,cmp_bank_mortgage,ag_bank_mortgag_performance_display,cr_ag_bank_mortgag_performance_display_2,Newsletter Signup,313.43,USD,ViewThrough,1,ORD_880189,PROD_5904,3,tag_6784,True
7371ba7d-975e-4452-a8ad-9d4b9718e67e,2024-12-07T05:13:36,TDID_9FA39E263FF444A1,UID2_fe0e1079796746e7b654,da60212f-86b1-420c-90b4-a5f71d10a055,,partner_7212,adv_travel_brand_001,cmp_winter_getaway,ag_winter_getaw_performance_display,cr_ag_winter_getaw_performance_display_2,Newsletter Signup,96.82,USD,ViewThrough,7,ORD_397903,PROD_4760,3,tag_7737,True
9f78e90f-1edc-4d50-b7d4-ec860163a206,2024-11-21T22:17:09,TDID_0111C12C889E4DA0,UID2_4c81b0e459374f1ea47d,380517ac-f015-4ec5-bc84-5996258fdbde,,partner_7373,adv_finance_brand_001,cmp_bank_savings,ag_bank_savings_performance_video,cr_ag_bank_savings_performance_video_1,Add to Cart,339.05,USD,ViewThrough,7,ORD_867457,PROD_3671,2,tag_2241,True
612fa2dc-fa6e-40ca-b214-d70d2463c5da,2024-11-26T16:50:48,TDID_1FA788B8711143BC,UID2_93e3e8d832674ba6ac30,9c117c00-d237-46cf-8648-6e56c9eb2f8b,,partner_4970,adv_retail_brand_001,cmp_brand_awareness_q4,ag_brand_awaren_retargeting_native,cr_ag_brand_awaren_retargeting_native_2,Purchase,31.98,USD,ViewThrough,7,ORD_333974,PROD_6027,3,tag_3229,True
f33254c5-be5c-4157-bc45-23294c85b3aa,2024-12-10T05:04:56,TDID_F3866471B31844A3,UID2_ea9f4441f5f646e9af18,82e177ac-5b80-478c-9d3f-fdf901e32482,,partner_9005,adv_retail_brand_003,cmp_megamart_grocery,ag_megamart_gro_retargeting_display,cr_ag_megamart_gro_retargeting_display_2,App Install,156.91,USD,ViewThrough,1,ORD_189774,PROD_9592,1,tag_5973,True
a3451600-4353-4b02-99c7-2b10739cbbd8,2024-11-19T17:06:26,TDID_A50D5125C6034FB2,UID2_6d6704b8d317442b93c3,b9bc2dcc-4c32-461c-869d-d64f07aea829,,partner_8052,adv_retail_brand_001,cmp_holiday_promo_2024,ag_holiday_prom_performance_display,cr_ag_holiday_prom_performance_display_1,Lead Form,219.85,USD,ViewThrough,1,ORD_259021,PROD_1814,3,tag_8145,True
e2adab76-d9ba-4706-9b9d-7607896d505a,2024-11-24T20:57:14,TDID_62C2E54D41974FA9,UID2_cbdadd9edfe74b7abf52,a10a8e32-91f7-4b8c-9538-5c1936fe60d1,,partner_3872,adv_travel_brand_002,cmp_vacation_cruise,ag_vacation_cru_prospecting_display,cr_ag_vacation_cru_prospecting_display_2,Lead Form,197.76,USD,ViewThrough,1,ORD_995253,PROD_5662,3,tag_5892,True
fe9e0516-3350-4ae1-bbc3-c7e69b9ed068,2024-12-03T15:41:43,TDID_B065D3A099C84FFC,UID2_0350784f143349008241,e95395bc-a0b3-4451-a17a-1bc5fb05d5b0,,partner_8580,adv_retail_brand_001,cmp_brand_awareness_q4,ag_brand_awaren_retargeting_native,cr_ag_brand_awaren_retargeting_native_2,Page View,304.7,USD,ViewThrough,1,ORD_402326,PROD_9988,2,tag_2300,True
99ff42d1-9fe2-45a9-8f22-4618dab6aee8,2024-12-08T04:35:54,TDID_2A406AA24AD247A3,UID2_e1437abd75144c6ba7c2,1f8bd77a-edf5-4fa3-a716-be4fd95652ec,,partner_7838,adv_cpg_brand_001,cmp_fresh_holiday,ag_fresh_holida_prospecting_native,cr_ag_fresh_holida_prospecting_native_2,Purchase,37.6,USD,ViewThrough,1,ORD_579925,PROD_2518,1,tag_9030,True
3c8b8520-2645-4a69-8385-f18661b3802e,2024-11-20T09:28:29,TDID_1F422F01E90D4310,UID2_e67697dfc5cb45969cf5,8c5407f9-b237-45d8-abd1-4289cdc63096,,partner_6881,adv_auto_brand_001,cmp_auto_yearend_sale,ag_auto_yearend_prospecting_native,cr_ag_auto_yearend_prospecting_native_2,Purchase,388.64,USD,ViewThrough,1,ORD_287796,PROD_9525,3,tag_6892,True
794a57fc-0eed-4b8a-aee6-4972306289fb,2024-12-20T05:50:12,TDID_61457616F12941B2,UID2_0118ae41fc9443c69cad,4cc2d636-1198-442e-a829-bee990ca5fc4,,partner_7025,adv_cpg_brand_001,cmp_fresh_holiday,ag_fresh_holida_retargeting_native,cr_ag_fresh_holida_retargeting_native_1,Purchase,482.82,USD,ViewThrough,7,ORD_980424,PROD_3866,2,tag_5896,True
233eea15-4f9c-4f72-93ff-1083fce42542,2024-12-08T08:41:40,TDID_89E9B4E1A34F40CE,UID2_f2a5bfd856644af58b75,4a289ffc-ddd8-4d10-95b0-78be8cb079bd,,partner_5909,adv_ent_brand_001,cmp_stream_holiday,ag_stream_holid_retargeting_display,cr_ag_stream_holid_retargeting_display_1,Purchase,29.15,USD,ViewThrough,7,ORD_273130,PROD_5072,3,tag_4919,True
1b817eda-d1ec-40ff-a350-c4384bcbd14e,2024-12-17T01:34:43,TDID_09D23F27A15E49CE,UID2_617af0f019304999bf4b,9207f723-aa0a-4125-bef4-57ba01c9c2d0,,partner_4370,adv_retail_brand_003,cmp_megamart_grocery,ag_megamart_gro_retargeting_display,cr_ag_megamart_gro_retargeting_display_2,App Install,259.74,USD,ViewThrough,1,ORD_133781,PROD_9844,3,tag_6794,True
c7a3e525-b23f-479f-8f89-ac926a9d0bba,2024-11-26T03:34:14,TDID_0C41E5C52E824481,UID2_4e66ea119de34d338661,10026a50-cd27-4b87-a0d2-87cb461d9056,,partner_7076,adv_auto_brand_001,cmp_auto_yearend_sale,ag_auto_yearend_performance_video,cr_ag_auto_yearend_performance_video_1,Newsletter Signup,101.87,USD,ViewThrough,1,ORD_737697,PROD_5187,3,tag_2382,True
f5d2482c-831c-48e2-b7b5-f07ad11bac0d,2024-12-15T08:50:59,TDID_D91E749E31E74E84,UID2_a01dae822981419daae7,8c078478-a904-4bf8-a9cc-658297145ab7,,partner_5740,adv_auto_brand_003,cmp_electra_ev_awareness,ag_electra_ev_a_retargeting_native,cr_ag_electra_ev_a_retargeting_native_3,Page View,92.17,USD,ViewThrough,1,ORD_980170,PROD_3972,1,tag_9202,True
4f183508-cc72-427c-a2f8-944211a2d0dd,2024-11-19T09:25:42,TDID_C5142F8C30F14954,UID2_f67422b6df2449e79185,b3130455-a8c1-4c98-a613-0422baa3d31d,,partner_1105,adv_cpg_brand_002,cmp_clean_newyear,ag_clean_newyea_retargeting_native,cr_ag_clean_newyea_retargeting_native_1,Page View,461.88,USD,ViewThrough,1,ORD_987739,PROD_8289,1,tag_8678,True
a644f45a-1996-4264-bb77-a52e6bd2a825,2024-12-15T22:14:26,TDID_B0C8C4662FBD4599,UID2_33251e91c05442c89096,1cfe5475-b27b-47c3-8ccd-163f9d397497,,partner_2493,adv_tech_brand_001,cmp_tech_holiday_bundle,ag_tech_holiday_prospecting_display,cr_ag_tech_holiday_prospecting_display_2,Add to Cart,301.52,USD,ViewThrough,7,ORD_532536,PROD_4683,3,tag_1805,True
e9495489-f162-45e5-85b5-01c94f185ddb,2024-11-28T01:35:31,TDID_98272B8731214D19,UID2_ec13744253bc464a864e,e15d3fca-8531-48b2-997c-ddb2043bd62c,,partner_6127,adv_auto_brand_001,cmp_new_model_launch,ag_new_model_la_retargeting_display,cr_ag_new_model_la_retargeting_display_2,Page View,192.7,USD,ViewThrough,1,ORD_888536,PROD_6225,2,tag_8822,True
4e4b840c-c6dc-4fc5-9779-f70358c3b1a1,2024-12-16T03:03:47,TDID_95FB4ACDFCF44A9D,UID2_7412e7263d1a46b293f4,af48b866-13e3-4324-b8d5-685bae3c2bc6,,partner_2540,adv_cpg_brand_001,cmp_fresh_holiday,ag_fresh_holida_retargeting_native,cr_ag_fresh_holida_retargeting_native_1,Page View,130.84,USD,ViewThrough,7,ORD_405934,PROD_8803,3,tag_9294,True
e68cc5c4-865b-49d9-b10d-c4465dde4a01,2024-12-02T10:00:50,TDID_6D001B8CD5B34B92,UID2_964c2d207049463b870c,9001ef63-f84f-4f52-81c2-b13fa8e85094,,partner_8936,adv_retail_brand_002,cmp_shopsmart_blackfriday,ag_shopsmart_bl_prospecting_native,cr_ag_shopsmart_bl_prospecting_native_1,Add to Cart,427.57,USD,ViewThrough,7,ORD_599762,PROD_9953,3,tag_9103,True
3d938a22-ef91-42d6-9606-f76eb8fa7572,2024-12-05T18:48:46,TDID_B156AD4FD0454EB4,UID2_a177f5f853c245a6a564,8d4dca25-41c9-4dc3-9e30-8668d76eeb69,,partner_7448,adv_retail_brand_002,cmp_shopsmart_loyalty,ag_shopsmart_lo_retargeting_native,cr_ag_shopsmart_lo_retargeting_native_2,Purchase,87.87,USD,ViewThrough,1,ORD_810416,PROD_9821,1,tag_9384,True
b6c2d294-f576-477c-b12f-659743dc253c,2024-11-23T19:22:32,TDID_09B4E01688344691,UID2_ee7425a66712434c8618,90b84664-b5c6-462f-98fa-15a7d6c537fb,,partner_7108,adv_cpg_brand_002,cmp_clean_newyear,ag_clean_newyea_performance_video,cr_ag_clean_newyea_performance_video_3,Newsletter Signup,308.27,USD,ViewThrough,1,ORD_998763,PROD_6078,3,tag_1442,True
02243b13-d0ff-49e5-91dc-17a21ac253cc,2024-12-11T05:05:18,TDID_FDDDCDD3510C4461,UID2_2cb9659b4c784b67a0a6,cc9b0c32-332f-42d0-a1af-154433531a00,,partner_9027,adv_tech_brand_003,cmp_app_install,ag_app_install_prospecting_video,cr_ag_app_install_prospecting_video_2,Add to Cart,158.16,USD,ViewThrough,1,ORD_342174,PROD_5906,3,tag_2172,True
06c77b5e-3325-452e-8159-9273b2f43015,2024-11-22T10:20:16,TDID_5DBF3B944D634032,UID2_220e2c96f5b044088115,783fbc85-9298-4f4e-9ce3-b4693c3dfd1a,,partner_2305,adv_tech_brand_001,cmp_tech_holiday_bundle,ag_tech_holiday_prospecting_display,cr_ag_tech_holiday_prospecting_display_2,Lead Form,134.69,USD,ViewThrough,1,ORD_387463,PROD_4418,2,tag_1481,True
2c0a0950-2d1b-46dc-9793-362ffb63f3d3,2024-12-09T05:55:42,TDID_CAC17F16E27E499C,UID2_24f606367646426fa35d,bcd81085-753a-4ce7-9a24-10aaafde7eec,,partner_8723,adv_ent_brand_001,cmp_stream_holiday,ag_stream_holid_prospecting_video,cr_ag_stream_holid_prospecting_video_1,Lead Form,352.21,USD,ViewThrough,7,ORD_366074,PROD_7820,1,tag_8798,True
00ec663f-35c3-4443-9863-25061e8c6a62,2024-11-19T05:44:11,TDID_222AAA800E044557,UID2_7295b9a1f81f42558498,48e65093-850b-4483-8be4-de0390c18836,,partner_7023,adv_travel_brand_002,cmp_vacation_cruise,ag_vacation_cru_prospecting_display,cr_ag_vacation_cru_prospecting_display_2,Purchase,476.02,USD,ViewThrough,1,ORD_674127,PROD_6005,2,tag_7024,True
a76729ef-21b3-4b7f-b2a2-f65dc424bd92,2024-11-22T09:24:27,TDID_831CCB98D02A4E96,UID2_fe0c6422455c4c1286da,adf841a1-c370-47d5-8d82-0dba42cb54c6,,partner_3821,adv_auto_brand_003,cmp_electra_test_drive,ag_electra_test_retargeting_native,cr_ag_electra_test_retargeting_native_2,Lead Form,152.99,USD,ViewThrough,7,ORD_920807,PROD_8152,1,tag_4694,True
294d862a-3063-4692-8af5-c7ba3b8d6d69,2024-11-19T00:35:36,TDID_CF3759A2E68B4DE9,UID2_e86a8af118454a5881f6,b84e2ce9-9ee2-4d0d-a6d0-f30207b8e0c6,,partner_9694,adv_cpg_brand_002,cmp_clean_newyear,ag_clean_newyea_prospecting_native,cr_ag_clean_newyea_prospecting_native_1,Newsletter Signup,307.11,USD,ViewThrough,1,ORD_252438,PROD_3299,3,tag_7691,True
c5af24b1-2256-419f-98f4-4ad9ce75890a,2024-12-11T14:18:47,TDID_705808C7C49542B0,UID2_082c64f68ae54989b07e,61f8252d-3d3f-44e7-95e0-6c5ad2935cfb,,partner_3549,adv_cpg_brand_002,cmp_clean_newyear,ag_clean_newyea_prospecting_native,cr_ag_clean_newyea_prospecting_native_3,Newsletter Signup,92.14,USD,ViewThrough,7,ORD_500645,PROD_5667,2,tag_5194,True
d9b64f60-fb3a-4ffc-b471-4a528de65e5f,2024-12-09T11:46:04,TDID_386D963541104969,UID2_0ffd77f8933c42ee9477,8e69e1a8-a41c-4341-8957-8535973796da,,partner_1770,adv_health_brand_002,cmp_wellness_newyear,ag_wellness_new_prospecting_video,cr_ag_wellness_new_prospecting_video_3,App Install,344.43,USD,ViewThrough,7,ORD_709401,PROD_6761,2,tag_7967,True
590e5d78-4e63-4df2-9a8b-5dec1bb00398,2024-12-04T16:05:43,TDID_8B5E1CFB4D0E43A8,UID2_1d4a7bcde43042dc9c3d,a806abf9-97bf-4eaf-b102-5b56ef0e879e,,partner_3316,adv_tech_brand_001,cmp_tech_holiday_bundle,ag_tech_holiday_performance_display,cr_ag_tech_holiday_performance_display_3,Lead Form,219.07,USD,ViewThrough,7,ORD_968491,PROD_5206,1,tag_7996,True
13c87196-be53-481b-8e0b-8684abe39c40,2024-12-11T09:59:07,TDID_AF206E65D4CD457B,UID2_5e353ee68f7f40359bda,9f2d1b1d-137d-46a2-9bed-4cdcc98cb54a,,partner_6744,adv_ent_brand_002,cmp_game_launch,ag_game_launch_performance_display,cr_ag_game_launch_performance_display_2,Page View,349.52,USD,ViewThrough,7,ORD_221713,PROD_1187,3,tag_9857,True
41151f41-f98b-474c-804c-fa6f064e1db5,2024-12-02T05:27:31,TDID_12708B02F14B4D21,UID2_b2c6b0ab2993494ab741,12a0535c-f34b-4558-8ff1-e5bebd619a4c,,partner_1169,adv_ent_brand_001,cmp_stream_holiday,ag_stream_holid_retargeting_display,cr_ag_stream_holid_retargeting_display_3,App Install,419.84,USD,ViewThrough,7,ORD_606069,PROD_5940,1,tag_7305,True
b3da0cff-87b6-4817-8149-aa668e4c59c8,2024-11-21T03:18:04,TDID_CE6EC1B9564D4114,UID2_f4d493d5e037488a8ad2,bcac5131-ac65-4ca8-8530-f76c5e27df66,,partner_4666,adv_travel_brand_003,cmp_flight_holiday,ag_flight_holid_retargeting_display,cr_ag_flight_holid_retargeting_display_2,Newsletter Signup,423.97,USD,ViewThrough,7,ORD_694492,PROD_6910,1,tag_8456,True
e0e9f292-27d1-4c50-bd7b-0408fad08df9,2024-12-13T14:11:01,TDID_FADEBE3C98EF483E,UID2_03ebe26540f6432da56d,95335da0-44ae-4913-a717-4a407541a7f2,,partner_8676,adv_auto_brand_003,cmp_electra_ev_awareness,ag_electra_ev_a_prospecting_native,cr_ag_electra_ev_a_prospecting_native_3,Lead Form,444.32,USD,ViewThrough,7,ORD_270447,PROD_4030,3,tag_8953,True
a5ac7d25-df4c-4c0e-843f-2c8169d9e199,2024-12-04T20:59:46,TDID_2FBBA69DFDB4443B,UID2_5b52f71d99934deea5e3,0f1606f2-d6a9-4892-a3b7-50b2e41d2c32,,partner_4158,adv_auto_brand_001,cmp_auto_yearend_sale,ag_auto_yearend_performance_video,cr_ag_auto_yearend_performance_video_1,Newsletter Signup,253.21,USD,ViewThrough,1,ORD_158825,PROD_1784,1,tag_5582,True
e2d6a30a-a4d3-4700-845e-c7e65f7647dc,2024-12-14T16:08:41,TDID_A915BD6423BB46C8,UID2_63fe4373e53b43a7a047,b2b07009-00cc-4874-bf9d-cbee0bfcf59f,,partner_7711,adv_auto_brand_003,cmp_electra_test_drive,ag_electra_test_retargeting_native,cr_ag_electra_test_retargeting_native_3,Lead Form,420.33,USD,ViewThrough,7,ORD_873097,PROD_1274,2,tag_4989,True
d477f29c-ba25-4e9a-a190-b4ea9c2974f7,2024-11-17T22:02:09,TDID_80F6C5B24F7F400A,UID2_4880294fb2fb4eb2bee2,013e3c94-74d2-4c3a-a8df-ef153cbf0451,,partner_2186,adv_tech_brand_001,cmp_tech_product_launch,ag_tech_product_prospecting_display,cr_ag_tech_product_prospecting_display_4,Purchase,437.48,USD,ViewThrough,1,ORD_449103,PROD_9435,1,tag_3786,True
6dc02a9a-5375-4d4f-9f46-e1d231795c43,2024-11-23T17:33:56,TDID_8CAE18E5702B4ED6,UID2_9b8afd7694564ede9071,8096e845-f872-4b4c-9ed6-4bb42e449fe0,,partner_9981,adv_auto_brand_002,cmp_speed_performance,ag_speed_perfor_prospecting_video,cr_ag_speed_perfor_prospecting_video_2,App Install,232.76,USD,ViewThrough,1,ORD_325767,PROD_5678,1,tag_8132,True
8909b9d5-92f5-411e-a019-f7e3dca8db1b,2024-11-22T02:43:47,TDID_D0E15302A4A4416B,UID2_94186c25f31144bfbc49,b5f8cad6-16c7-4e6a-9413-bba80082db9a,,partner_9384,adv_travel_brand_002,cmp_vacation_cruise,ag_vacation_cru_performance_video,cr_ag_vacation_cru_performance_video_1,Add to Cart,131.49,USD,ViewThrough,1,ORD_887384,PROD_7863,1,tag_6443,True
28c4cf38-ce5e-4e9c-b847-3ea6998fc835,2024-11-27T18:12:58,TDID_BE977D2859104C4B,UID2_380963d324c84c1f8bf3,f634d61f-1c44-46ef-9eb4-72a9f272e86d,,partner_9966,adv_ent_brand_002,cmp_game_launch,ag_game_launch_awareness_video,cr_ag_game_launch_awareness_video_1,Add to Cart,172.86,USD,ViewThrough,1,ORD_896403,PROD_7106,2,tag_7125,True
54adc84f-1284-4f9b-9172-c9d564424477,2024-12-07T01:40:35,TDID_27DE2CD1353547DB,UID2_4faf626fe3824fc496eb,32c1b0e2-529c-4188-bb4b-1a28e73e7f70,,partner_3096,adv_ent_brand_002,cmp_game_launch,ag_game_launch_prospecting_video,cr_ag_game_launch_prospecting_video_3,Newsletter Signup,370.68,USD,ViewThrough,7,ORD_883984,PROD_8069,1,tag_1898,True
0ad66e0b-014e-4fc6-b0e4-262a06c05155,2024-12-04T16:01:50,TDID_510E47AA1BF745EF,UID2_40534fb97e364677b466,9c098f51-a679-4b0c-8275-5b940f64e5f6,,partner_9855,adv_health_brand_002,cmp_wellness_newyear,ag_wellness_new_retargeting_native,cr_ag_wellness_new_retargeting_native_1,Page View,115.37,USD,ViewThrough,7,ORD_539975,PROD_8411,2,tag_4204,True
8ef41f62-1ac5-4555-980e-e469726efbdd,2024-12-17T09:00:50,TDID_F1B68AC1992C49BB,UID2_a12da26fa06f4b229b98,2e2a74a1-e05c-44e7-9337-a9140f618824,,partner_2736,adv_auto_brand_003,cmp_electra_test_drive,ag_electra_test_performance_video,cr_ag_electra_test_performance_video_2,Add to Cart,221.98,USD,ViewThrough,7,ORD_688863,PROD_5551,3,tag_7396,True
a9a714fe-1cdd-49a3-a869-423f8057ba7d,2024-11-20T16:18:02,TDID_6D221E4C78904E9C,UID2_dd8a273e80fa4e4f857f,04f1850f-4835-4cec-ba4f-95ab1ba2813e,,partner_9578,adv_health_brand_001,cmp_health_enrollment,ag_health_enrol_prospecting_video,cr_ag_health_enrol_prospecting_video_2,Page View,84.22,USD,ViewThrough,7,ORD_787907,PROD_6739,2,tag_9439,True
34453b2f-52de-4742-b33f-f97e766f0ff2,2024-12-14T19:32:25,TDID_A2361DDA3E9B4BF9,UID2_ead4e464973b4e8f99ba,3a1775f5-4c5b-427f-a26f-6f658b89018f,,partner_1702,adv_retail_brand_001,cmp_retail_clearance,ag_retail_clear_retargeting_display,cr_ag_retail_clear_retargeting_display_3,Page View,424.18,USD,ViewThrough,7,ORD_735859,PROD_1742,2,tag_5511,True
d111e136-ba4e-4ff5-9405-610819ae3f00,2024-11-29T14:36:15,TDID_0EB47C74C97445E7,UID2_cff7371727554fe1b8e3,0593579c-41a9-498d-ba28-8be149528090,,partner_1913,adv_auto_brand_003,cmp_electra_test_drive,ag_electra_test_prospecting_display,cr_ag_electra_test_prospecting_display_3,Newsletter Signup,85.86,USD,ViewThrough,1,ORD_590163,PROD_4330,1,tag_9961,True
fc5b1b13-f590-47b1-bf96-bf0f50d46313,2024-12-20T11:21:20,TDID_0D444A54680B4915,UID2_35cea448772840d99a7a,0d65326c-1373-49c7-819b-b3bc7f8ac28e,,partner_4405,adv_tech_brand_001,cmp_tech_holiday_bundle,ag_tech_holiday_performance_display,cr_ag_tech_holiday_performance_display_1,Lead Form,159.87,USD,ViewThrough,1,ORD_254319,PROD_7126,3,tag_8676,True
994e1989-4267-4cf4-81ba-17523428bdb0,2024-11-27T09:46:14,TDID_84BC81274EEA47F1,UID2_3187e0d17a8041308fe2,b75237dd-76b5-4624-ae15-2837a239209e,,partner_4699,adv_ent_brand_002,cmp_game_launch,ag_game_launch_performance_display,cr_ag_game_launch_performance_display_2,Page View,357.7,USD,ViewThrough,1,ORD_482958,PROD_1913,2,tag_7320,True
dafc1529-63cd-4f7e-baa0-0d4a81145e04,2024-11-27T07:08:09,TDID_32B6924E0D694BDB,UID2_44695602455e4f29bb97,d78c5a9d-a8e6-409a-8102-eb26c2fd4603,,partner_8311,adv_ent_brand_002,cmp_game_launch,ag_game_launch_prospecting_video,cr_ag_game_launch_prospecting_video_1,Add to Cart,169.61,USD,ViewThrough,1,ORD_393478,PROD_8621,3,tag_3211,True
073fba5a-db38-406f-8014-f66a9a8cb079,2024-12-01T13:59:20,TDID_1EA46B2D82D543FF,UID2_3a8e37f9eeea42bfbc95,4595e320-d539-49ab-999a-2343e06cfa51,,partner_4480,adv_tech_brand_001,cmp_tech_holiday_bundle,ag_tech_holiday_prospecting_display,cr_ag_tech_holiday_prospecting_display_1,Add to Cart,407.82,USD,ViewThrough,1,ORD_975380,PROD_5184,3,tag_9025,True
a6e33402-508b-439c-b2e8-763a8e17b870,2024-12-01T21:51:42,TDID_FBFAC753E8834274,UID2_11def63935b3433396a4,9db913f5-7595-4461-b025-31a340fb10cc,,partner_6191,adv_travel_brand_002,cmp_vacation_cruise,ag_vacation_cru_retargeting_display,cr_ag_vacation_cru_retargeting_display_1,App Install,108.5,USD,ViewThrough,7,ORD_411425,PROD_7258,3,tag_5413,True
3c65bd5f-fb8e-4bb5-8c30-a6daf624b429,2024-12-02T05:29:09,TDID_91EC501C3D0C47BE,UID2_3f4c8d817ed545d491ce,af9f4405-e3d1-4836-b137-500cfa307965,,partner_1066,adv_retail_brand_002,cmp_shopsmart_loyalty,ag_shopsmart_lo_prospecting_native,cr_ag_shopsmart_lo_prospecting_native_2,Purchase,288.57,USD,ViewThrough,7,ORD_715329,PROD_9580,1,tag_9447,True
f4821a8f-2fe9-4128-a94e-f8b95092969d,2024-12-03T03:28:56,TDID_9C29262041B54B97,UID2_b5a3cbcecabb489ca691,ef4fb58b-e843-4a68-aa05-6c3c25569288,,partner_3394,adv_cpg_brand_002,cmp_clean_newyear,ag_clean_newyea_performance_video,cr_ag_clean_newyea_performance_video_1,Lead Form,299.7,USD,ViewThrough,7,ORD_189145,PROD_3579,3,tag_3547,True
4515670b-cb7c-45d8-9328-f6660b481add,2024-12-12T19:39:21,TDID_A8766F0838EB4111,UID2_be40edee3f544ff697e1,88096a1b-8b9e-4d71-839d-1d329f861b93,,partner_8918,adv_retail_brand_001,cmp_holiday_promo_2024,ag_holiday_prom_prospecting_display,cr_ag_holiday_prom_prospecting_display_1,Lead Form,469.06,USD,ViewThrough,7,ORD_879724,PROD_4181,3,tag_6343,True
78f1bf0d-0f32-43bd-8d92-feaf071bdd32,2024-12-20T12:53:05,TDID_5C691F0B5A554D64,UID2_f9437d3b4ea74d6787f1,9da8addc-5a7d-423f-a2bb-6610875329a5,,partner_8888,adv_auto_brand_003,cmp_electra_ev_awareness,ag_electra_ev_a_prospecting_native,cr_ag_electra_ev_a_prospecting_native_2,App Install,79.38,USD,ViewThrough,7,ORD_264546,PROD_1649,3,tag_3719,True
963f9e2a-52d8-4c01-873d-9328a2c34a34,2024-12-15T09:32:01,TDID_AE31EEE53D8C4466,UID2_0f4b38b4c31243b7ac0b,a8aa6a73-a99d-4178-b1cd-947b3a3ce5c7,,partner_7759,adv_ent_brand_001,cmp_stream_holiday,ag_stream_holid_awareness_video,cr_ag_stream_holid_awareness_video_1,App Install,57.13,USD,ViewThrough,1,ORD_392954,PROD_3866,2,tag_6939,True
6357a6e5-0565-4b18-b40c-b2ff9894dc00,2024-11-28T10:44:01,TDID_8A08E6BFC6654DAF,UID2_1222a0d8042f4f62be1f,cebd142d-f136-42f3-9c0b-2720c6eb2ab6,,partner_2495,adv_finance_brand_003,cmp_credit_rewards,ag_credit_rewar_retargeting_display,cr_ag_credit_rewar_retargeting_display_3,Add to Cart,259.51,USD,ViewThrough,1,ORD_134659,PROD_1104,3,tag_7044,True
a8ed1c01-743c-4f16-ab73-4f75c76aa899,2024-12-13T02:03:35,TDID_BE9DA32DDE5A40F7,UID2_a3c9daeb6b13413baaf1,c8ce0543-7877-44f7-ba70-193f105b1007,,partner_6455,adv_tech_brand_003,cmp_app_install,ag_app_install_retargeting_display,cr_ag_app_install_retargeting_display_2,Page View,131.03,USD,ViewThrough,1,ORD_923987,PROD_7120,2,tag_1678,True
bf79f922-da88-490a-9536-9cbda3808d57,2024-12-08T23:36:06,TDID_DEA07967A4974CE0,UID2_ae3d9c6b937848fda502,0511af9e-14d5-4a5f-a26c-9f84e6457467,,partner_6350,adv_auto_brand_003,cmp_electra_ev_awareness,ag_electra_ev_a_prospecting_native,cr_ag_electra_ev_a_prospecting_native_1,Lead Form,121.55,USD,ViewThrough,7,ORD_169081,PROD_4750,3,tag_8040,True
e4b043c8-4d1a-490d-b389-96ade84e405e,2024-11-27T18:38:36,TDID_4DD195D6141D4479,UID2_709bb08084dc46058deb,72ca67fc-cd09-4c3c-8b67-542f05cd90e4,,partner_8189,adv_ent_brand_002,cmp_game_launch,ag_game_launch_prospecting_video,cr_ag_game_launch_prospecting_video_3,App Install,141.93,USD,ViewThrough,1,ORD_992151,PROD_1295,1,tag_2383,True
ab169a5e-94c6-4e71-80ad-e9763a5c715b,2024-12-16T11:18:42,TDID_1B65374B9BDF44C0,UID2_b8e967291b8845c392ed,744656d4-9271-4da8-a444-a2a53ca772f3,,partner_3012,adv_travel_brand_002,cmp_vacation_cruise,ag_vacation_cru_awareness_video,cr_ag_vacation_cru_awareness_video_2,Add to Cart,161.65,USD,ViewThrough,7,ORD_544305,PROD_8995,3,tag_8094,True
a3d22975-76ad-4a3d-ba63-3d30af0e17b1,2024-12-11T04:36:28,TDID_ABD9A172900442B0,UID2_6b4459c58e5646d7b6de,aed4aaa6-d198-4851-91ee-9e9307546730,,partner_4226,adv_retail_brand_001,cmp_retail_clearance,ag_retail_clear_performance_display,cr_ag_retail_clear_performance_display_3,Page View,421.24,USD,ViewThrough,1,ORD_281674,PROD_3675,1,tag_3463,True
eae48bf3-728a-486b-ab11-2ceb05dc0fe9,2024-11-28T13:19:43,TDID_21F2801FE4B24ACF,UID2_dbee9cb03afd435a84f7,d8450354-4733-462c-9b01-218eff99eb9b,,partner_7219,adv_health_brand_001,cmp_health_enrollment,ag_health_enrol_prospecting_video,cr_ag_health_enrol_prospecting_video_2,Newsletter Signup,78.66,USD,ViewThrough,7,ORD_844377,PROD_2382,3,tag_2428,True
b1cd2dc9-7095-42da-8e1a-6ce9d88567eb,2024-11-26T22:04:31,TDID_9EF761F86CC841C4,UID2_2d29e641e590445ab1a3,bd481436-1330-4404-9a05-3d655df8ca02,,partner_9205,adv_retail_brand_001,cmp_holiday_promo_2024,ag_holiday_prom_performance_display,cr_ag_holiday_prom_performance_display_3,App Install,498.77,USD,ViewThrough,7,ORD_330082,PROD_7562,2,tag_3754,True
d346b4d7-2f29-44e0-a08f-4a93f172640d,2024-11-27T16:53:21,TDID_EC45190B713E41A2,UID2_341f937e709349f3894a,933b607d-58bf-4e0a-b80e-329cba84c88e,,partner_9833,adv_ent_brand_002,cmp_game_launch,ag_game_launch_prospecting_video,cr_ag_game_launch_prospecting_video_1,Newsletter Signup,261.38,USD,ViewThrough,7,ORD_615229,PROD_8100,3,tag_3503,True
cfaccaca-03b6-423a-947e-a9e571c16846,2024-12-01T17:54:34,TDID_673E72F37DC546FC,UID2_4cbe519caac043028d26,962f0cf1-6c3a-4b4a-8c84-7d26664ecb8a,,partner_7116,adv_auto_brand_003,cmp_electra_ev_awareness,ag_electra_ev_a_retargeting_native,cr_ag_electra_ev_a_retargeting_native_2,Page View,451.33,USD,ViewThrough,1,ORD_634695,PROD_6212,3,tag_6432,True
2521fbfa-b52b-40de-9abb-4742951cd7f9,2024-11-20T11:42:44,TDID_009B5B6775334053,UID2_cbc8d2cee4aa454692d5,38d45b68-55cd-4f98-8cc2-7f0f6061dbca,,partner_8612,adv_ent_brand_002,cmp_game_launch,ag_game_launch_performance_display,cr_ag_game_launch_performance_display_4,Lead Form,250.11,USD,ViewThrough,1,ORD_184636,PROD_2069,2,tag_3891,True
e0218798-619f-44ce-8413-d6e78c05f8a4,2024-12-14T03:32:15,TDID_4EB9214A8C004148,UID2_7bb4b2db68af4e388b19,fcc49fc5-8399-4530-acb5-070c86b52790,,partner_7888,adv_finance_brand_001,cmp_bank_mortgage,ag_bank_mortgag_prospecting_video,cr_ag_bank_mortgag_prospecting_video_1,Add to Cart,171.8,USD,ViewThrough,7,ORD_864281,PROD_3920,1,tag_7137,True
05bcb52f-7b3e-4539-8367-c3821f05f73a,2024-11-25T03:01:38,TDID_E899ADC120AF4E3C,UID2_d4d45581e8ce4645b41e,3cfd5828-3c4d-47d7-bbc4-576b3695af07,,partner_8881,adv_auto_brand_001,cmp_auto_yearend_sale,ag_auto_yearend_retargeting_native,cr_ag_auto_yearend_retargeting_native_1,Newsletter Signup,408.6,USD,ViewThrough,1,ORD_193563,PROD_4716,3,tag_9016,True
d12a0452-1050-46dd-8acb-5c7f29211c16,2024-12-06T00:21:29,TDID_167A695E91094B9D,UID2_a8c96ae7c24d4d8bb0bb,2f21837a-319b-48ba-9251-61117f42434b,,partner_1860,adv_finance_brand_001,cmp_bank_savings,ag_bank_savings_awareness_ctv,cr_ag_bank_savings_awareness_ctv_1,Lead Form,169.53,USD,ViewThrough,7,ORD_818554,PROD_3990,3,tag_1799,True
3dd63f86-c62f-457e-b762-4328bed5af91,2024-12-07T10:54:35,TDID_DBAA49E10E4D41C8,UID2_74017d35c95e4ad69fc1,05f1a307-4a4e-43fc-8bd5-c86a8a8762b6,,partner_2902,adv_ent_brand_002,cmp_game_launch,ag_game_launch_awareness_video,cr_ag_game_launch_awareness_video_3,Lead Form,52.47,USD,ViewThrough,7,ORD_651903,PROD_2964,2,tag_6429,True
6c14de78-ca7f-4f82-a7bc-a8522ffde6e9,2024-12-08T07:22:41,TDID_63502C41413F43C8,UID2_5deedb8ca5264771a6dc,c6ab21bf-6615-4c62-b93b-52e10c0f8cd0,,partner_7759,adv_tech_brand_001,cmp_tech_product_launch,ag_tech_product_prospecting_display,cr_ag_tech_product_prospecting_display_2,Add to Cart,132.8,USD,ViewThrough,7,ORD_102214,PROD_6293,3,tag_7977,True
7b672eb7-a81f-44a1-9b70-8447bbe7b529,2024-11-27T19:21:12,TDID_A6E83CC5CFC04D2C,UID2_9d1539e670744abebd58,dda0f76a-1a69-4fba-8fde-66344d7130d9,,partner_5067,adv_finance_brand_001,cmp_bank_savings,ag_bank_savings_performance_video,cr_ag_bank_savings_performance_video_3,Lead Form,436.77,USD,ViewThrough,1,ORD_187081,PROD_9467,3,tag_7176,True
13e99f62-54a2-43b1-9cc4-418f4da1178e,2024-12-04T01:11:30,TDID_959706F9980A472C,UID2_f639ec898f4b46369b2d,a15b218d-2004-4cc1-bfeb-8b3479154617,,partner_5734,adv_health_brand_002,cmp_wellness_newyear,ag_wellness_new_prospecting_video,cr_ag_wellness_new_prospecting_video_3,Purchase,191.93,USD,ViewThrough,7,ORD_206674,PROD_9264,1,tag_8612,True
1e3f4b4c-e36d-4a92-b7d9-9ec9fca36f02,2024-12-05T02:58:03,TDID_BA791982C7354136,UID2_e55841e8a9964290bef5,e488c8c4-aaf9-4ad3-9cc2-96e24465b56c,,partner_7732,adv_travel_brand_001,cmp_winter_getaway,ag_winter_getaw_prospecting_native,cr_ag_winter_getaw_prospecting_native_1,App Install,263.73,USD,ViewThrough,7,ORD_830428,PROD_3649,1,tag_3386,True
25254031-5ff9-4fec-9a3f-375dc9c6a019,2024-11-21T08:13:08,TDID_9DBFA56DBA0843D8,UID2_c338af2304e447bca767,50b7882e-cc6f-4191-a1bf-233723d47446,,partner_6970,adv_finance_brand_001,cmp_bank_mortgage,ag_bank_mortgag_retargeting_display,cr_ag_bank_mortgag_retargeting_display_2,Add to Cart,72.32,USD,ViewThrough,7,ORD_217824,PROD_4952,3,tag_4630,True
