ClickId,ImpressionId,ClickTimestamp,TDID,UID2,PartnerId,AdvertiserId,CampaignId,AdGroupId,CreativeId,DeviceType,OS,Browser,Country,Region,LandingPageUrl,ClickType,IsValid
6de6c51a-dae6-4c40-9837-4046c690cf67,471b34c6-db20-435b-babd-36c14cd7a04b,2024-11-16T11:04:43,TDID_744FE35904B34BB2,UID2_6e68354c089c485da223,partner_2003,adv_travel_brand_001,cmp_travel_newyear,ag_travel_newye_prospecting_display,cr_ag_travel_newye_prospecting_display_1,CTV,FireTV,App,FR,,https://travelease.com/promo,Standard,True
2dfaa498-87eb-46e5-b7f3-2dd4602d0f13,65e6ce6a-7b99-454f-92a1-cc013f8c8660,2024-12-11T01:38:10,TDID_F349DA222A6745B2,UID2_4ecae76b6b4a45c7bda4,partner_9994,adv_tech_brand_001,cmp_tech_product_launch,ag_tech_product_performance_video,cr_ag_tech_product_performance_video_2,Tablet,macOS,Firefox,UK,,https://techgiant.com/promo,Expandable,True
32bf5fee-35c0-4075-a13a-6efe9ab877b9,10f7b887-e70c-4543-95b7-0862f9ece1e0,2024-12-03T23:10:27,TDID_459735E67DD54831,UID2_16202f075f3040a39858,partner_5412,adv_tech_brand_002,cmp_cloud_enterprise,ag_cloud_enterp_retargeting_native,cr_ag_cloud_enterp_retargeting_native_2,CTV,FireTV,App,UK,,https://cloudsoft.com/promo,Expandable,True
8cd5cf8f-a77c-4a93-85c6-2da08c53a38c,cfa26ad5-4f70-4c8d-ade6-6a676727ccb0,2024-11-23T12:17:32,TDID_96231998738F4482,UID2_024a696cb5494752b674,partner_9939,adv_travel_brand_002,cmp_vacation_cruise,ag_vacation_cru_prospecting_display,cr_ag_vacation_cru_prospecting_display_1,Tablet,Windows,Chrome,AU,,https://vacationhub.com/promo,Standard,True
f3ac5b9a-7b62-4caf-91de-fc7246900d07,84918922-5653-4817-adaf-be793fcdb23d,2024-12-12T21:07:22,TDID_D9B1256DA98D4335,UID2_4559be94f85848b98120,partner_1609,adv_tech_brand_001,cmp_tech_holiday_bundle,ag_tech_holiday_performance_display,cr_ag_tech_holiday_performance_display_3,SmartTV,FireTV,App,DE,,https://techgiant.com/promo,VideoCompanion,True
e9a9d669-3b5c-4f87-b128-d9e98f1dbe7a,12866ced-b717-41f5-ae46-c64dfea2dc37,2024-11-23T02:09:28,TDID_B6A1C7E05B6A4ABE,UID2_f3675d85f105467f970b,partner_7821,adv_auto_brand_003,cmp_electra_test_drive,ag_electra_test_prospecting_display,cr_ag_electra_test_prospecting_display_2,Tablet,macOS,Edge,CA,,https://electracar.com/promo,VideoCompanion,True
085035e1-3cc4-4116-9040-7bd63a5c9702,6f64b42a-c3e5-454a-95e6-36a4f935a85c,2024-11-26T13:12:21,TDID_9B8031492A144BC7,UID2_7cee16a65c164f7b8171,partner_7939,adv_finance_brand_001,cmp_bank_savings,ag_bank_savings_retargeting_native,cr_ag_bank_savings_retargeting_native_3,Desktop,macOS,Safari,AU,,https://securebank.com/promo,VideoCompanion,True
80454acd-5715-43df-8cc3-79fe6f0d67a1,ee242ea6-bd56-4c70-b486-f59631d1c492,2024-11-26T06:56:41,TDID_BF4D67C4C8394782,UID2_30b35d7c749a4e3e83b5,partner_1242,adv_tech_brand_001,cmp_tech_holiday_bundle,ag_tech_holiday_prospecting_display,cr_ag_tech_holiday_prospecting_display_2,CTV,tvOS,App,CA,,https://techgiant.com/promo,VideoCompanion,True
9c5a6d52-e155-4afc-b483-2b6d160eecc3,bd872100-6d48-4d0a-8c7b-ac0e1f5f2ba4,2024-11-26T12:59:04,TDID_80660E36EEE44A26,UID2_ee834f38a5f245a9b9a2,partner_7960,adv_finance_brand_001,cmp_bank_mortgage,ag_bank_mortgag_retargeting_display,cr_ag_bank_mortgag_retargeting_display_2,Tablet,Windows,Firefox,AU,,https://securebank.com/promo,Standard,True
19a98d62-45ae-49a7-a8e1-3323c39d1c7c,6dab423a-b784-4ba7-8445-a5a55e6bd617,2024-11-23T20:09:56,TDID_26C708BFEAD54800,UID2_673015ccd97641d597c9,partner_9283,adv_ent_brand_002,cmp_game_launch,ag_game_launch_performance_display,cr_ag_game_launch_performance_display_3,Tablet,macOS,Safari,DE,,https://gamezone.com/promo,Expandable,True
05c2ac19-a8be-4941-84eb-84f8c892f30a,3976243d-295d-4ad1-97df-cdf67fc185b0,2024-11-19T13:22:40,TDID_8B1A4EE4E9EA4CCD,UID2_4a0a4f81674c49d29f49,partner_2900,adv_health_brand_001,cmp_health_enrollment,ag_health_enrol_awareness_ctv,cr_ag_health_enrol_awareness_ctv_1,SmartTV,tvOS,App,UK,,https://healthplus.com/promo,VideoCompanion,True
fbbd25fa-8da1-4d7c-a0ae-19dfc37f0448,93b6e149-7327-410c-878f-037bef217184,2024-12-12T15:22:25,TDID_5AAE4A2F728341BD,UID2_1ad1d126328b46bf8b68,partner_8231,adv_auto_brand_002,cmp_speed_performance,ag_speed_perfor_prospecting_video,cr_ag_speed_perfor_prospecting_video_3,CTV,tvOS,App,UK,,https://speedmotors.com/promo,Expandable,True
46042a60-b802-4414-8083-093e5dff0053,5bd1e4b0-e771-4529-910b-3da001c8bbb5,2024-12-01T04:08:38,TDID_B07F6565AE684932,UID2_a67d8b04be42414789cb,partner_5517,adv_finance_brand_002,cmp_invest_retirement,ag_invest_retir_performance_video,cr_ag_invest_retir_performance_video_1,CTV,Roku,App,UK,,https://investpro.com/promo,Standard,True
0cb18625-a58c-4ac6-9af8-3dcd39b6789b,232debeb-8296-425d-9c74-46c50ec3136a,2024-12-14T12:01:46,TDID_2641319D33984FEF,UID2_99d70bc815ae439187dc,partner_8822,adv_travel_brand_001,cmp_winter_getaway,ag_winter_getaw_prospecting_native,cr_ag_winter_getaw_prospecting_native_1,CTV,Android,App,AU,,https://travelease.com/promo,VideoCompanion,True
b9f10e57-3f16-40f7-8963-3afae84874fe,6104dce2-e702-4456-887b-107a0e803768,2024-12-11T13:06:28,TDID_B9C310D34CEF4665,UID2_40d99295c1e34fc2a41b,partner_6245,adv_finance_brand_001,cmp_bank_mortgage,ag_bank_mortgag_performance_display,cr_ag_bank_mortgag_performance_display_1,Desktop,macOS,Safari,UK,,https://securebank.com/promo,Standard,True
f1a0be11-1523-40a7-b929-d8de79c5c61a,5f3dabd8-1dcb-477e-9ee3-4c346490a24c,2024-12-01T17:29:13,TDID_75E7A2D3642A494E,UID2_ae69d1ab058346c7b314,partner_6610,adv_cpg_brand_001,cmp_fresh_holiday,ag_fresh_holida_retargeting_native,cr_ag_fresh_holida_retargeting_native_2,Tablet,Windows,Chrome,CA,,https://freshfoods.com/promo,Standard,True
675c1797-cca2-4cdc-a23a-cb260a20e8a8,5ec244d4-ae34-4172-92f2-4bbd8d36cd8a,2024-11-21T15:29:33,TDID_A1720D247A954D77,UID2_1b36549c014842c0b16a,partner_7199,adv_retail_brand_001,cmp_holiday_promo_2024,ag_holiday_prom_retargeting_native,cr_ag_holiday_prom_retargeting_native_1,Mobile,iOS,App,UK,,https://retailmax.com/promo,Standard,True
8f194a71-1107-4d62-a45c-21c619798d35,f1548e12-bcf2-4b54-9b2d-3318d6737640,2024-12-11T09:34:13,TDID_D5BCD1972D0640F5,UID2_bf4f11ad5c8a42aa8116,partner_8463,adv_retail_brand_002,cmp_shopsmart_blackfriday,ag_shopsmart_bl_retargeting_native,cr_ag_shopsmart_bl_retargeting_native_1,SmartTV,Android,App,UK,,https://shopsmart.com/promo,VideoCompanion,True
9e01de5f-ef2e-4768-aa9b-65060aa7029f,f3c62679-10b8-456c-9e01-bfbce9a9a0f5,2024-12-11T07:41:54,TDID_EA66532D65734C40,UID2_2b5eb46d5f34418ab137,partner_9112,adv_cpg_brand_002,cmp_clean_newyear,ag_clean_newyea_prospecting_native,cr_ag_clean_newyea_prospecting_native_3,SmartTV,Android,App,UK,,https://cleanhome.com/promo,Expandable,True
4db5be98-022e-4850-8fc4-50d7443e8731,559307f8-aa67-4f24-aa6e-8a9e799559cb,2024-11-23T14:21:56,TDID_6144FC37B04A4E40,UID2_a035f00d09e24346b3db,partner_1002,adv_auto_brand_001,cmp_new_model_launch,ag_new_model_la_awareness_video,cr_ag_new_model_la_awareness_video_2,Mobile,Android,Samsung Internet,US,FL,https://autodrive.com/promo,Expandable,True
0b128bb7-19bc-4ff5-a45a-23b9d118e974,3ffdcbfd-d2c7-4a24-88cd-1ab70a9fb8e0,2024-11-17T05:53:52,TDID_11D625AFD9714DE8,UID2_4d24434d07c04b628ae9,partner_8991,adv_travel_brand_001,cmp_travel_newyear,ag_travel_newye_prospecting_display,cr_ag_travel_newye_prospecting_display_1,SmartTV,FireTV,App,DE,,https://travelease.com/promo,Expandable,True
b0111dd4-9e3b-4728-8da3-efa87ce845c6,2e6a8c39-9461-4056-bdc7-5d2e7c77b245,2024-11-17T14:50:46,TDID_20ABD52C94494701,UID2_22f0e00ab7d242c1b827,partner_6913,adv_ent_brand_002,cmp_game_launch,ag_game_launch_awareness_video,cr_ag_game_launch_awareness_video_1,Tablet,Windows,Safari,UK,,https://gamezone.com/promo,Standard,True
c873d535-47cd-435d-a4d5-2af817e9f44e,95599e34-4b3f-434e-89ef-fc3ee3077b64,2024-12-04T12:41:03,TDID_D2C673D61477418B,UID2_f0c587be23d04332898b,partner_8496,adv_retail_brand_002,cmp_shopsmart_loyalty,ag_shopsmart_lo_performance_display,cr_ag_shopsmart_lo_performance_display_1,CTV,tvOS,App,UK,,https://shopsmart.com/promo,Standard,True
f9668c7b-66ce-4c4c-95f4-578ae2a3fcd8,ccc43350-e3c9-49bf-b7b6-826225b05296,2024-12-12T01:08:42,TDID_1A9F18D918E2431F,UID2_4c23bb4ceabc4052b6ba,partner_1750,adv_travel_brand_003,cmp_flight_holiday,ag_flight_holid_performance_display,cr_ag_flight_holid_performance_display_1,SmartTV,Roku,App,AU,,https://flightdeals.com/promo,Standard,True
be4eb2ad-8834-4479-8a4f-d81bc2bdd216,05cebaf5-7632-48ad-a689-8bcc6428bd6e,2024-12-02T02:37:30,TDID_D12E1CCA23B44D5E,UID2_33e471176175400ea2cf,partner_4366,adv_finance_brand_001,cmp_bank_mortgage,ag_bank_mortgag_performance_display,cr_ag_bank_mortgag_performance_display_1,CTV,tvOS,App,CA,,https://securebank.com/promo,Expandable,False
f0a8e7b1-e425-42d9-b0cc-6258bf572f45,8607cfeb-cbe0-4dd7-809d-606e97efb3a5,2024-12-08T21:34:43,TDID_78E8D713AC8E4AD6,UID2_56b223761cba407589aa,partner_8401,adv_ent_brand_002,cmp_game_launch,ag_game_launch_performance_display,cr_ag_game_launch_performance_display_1,Tablet,Windows,Edge,DE,,https://gamezone.com/promo,VideoCompanion,True
3f9c2042-d748-421f-a67a-15ffdf769e83,43158a4b-c098-4f4e-bbf5-eda5ac322fd2,2024-11-22T10:12:01,TDID_C5FD5EF9A0AD4C61,UID2_c376e50cebc6450cb614,partner_3653,adv_travel_brand_001,cmp_winter_getaway,ag_winter_getaw_performance_display,cr_ag_winter_getaw_performance_display_1,Mobile,Android,Safari,CA,,https://travelease.com/promo,Expandable,True
fba8f06a-f675-4fe0-9679-5f6216490d97,48e7cfdc-6803-458e-b35e-6b36434a8776,2024-11-29T03:22:05,TDID_D0C4BF28E3EB4FA5,UID2_ee7c024a047e4f73a9d7,partner_4826,adv_travel_brand_003,cmp_flight_holiday,ag_flight_holid_performance_display,cr_ag_flight_holid_performance_display_4,CTV,tvOS,App,CA,,https://flightdeals.com/promo,Expandable,True
db01394f-73dd-423a-b2e1-ea623cba2e2e,6b4933fe-dda0-4617-b041-c2752ca4510e,2024-12-05T23:08:29,TDID_A077E67C3CF64364,UID2_b01491799eac4b8fa611,partner_9487,adv_tech_brand_001,cmp_tech_product_launch,ag_tech_product_performance_video,cr_ag_tech_product_performance_video_1,Mobile,iOS,Chrome,US,CA,https://techgiant.com/promo,Standard,True
80a9637a-d76b-4e4b-814b-205ab2236454,95482eaf-e84b-4ff8-ba38-1143b887c6bc,2024-11-25T03:43:44,TDID_6122B2C76FB44416,UID2_000d2a35e149443f96fa,partner_4156,adv_tech_brand_002,cmp_cloud_enterprise,ag_cloud_enterp_performance_display,cr_ag_cloud_enterp_performance_display_2,CTV,tvOS,App,DE,,https://cloudsoft.com/promo,Standard,True
54e103e3-9f49-411d-a00d-d0b375a74109,13bd8732-4866-4d7d-856d-a1b4c47c1d42,2024-12-01T14:52:51,TDID_8CFB3D098A634296,UID2_b45cd36eb41440a39486,partner_4922,adv_finance_brand_002,cmp_invest_retirement,ag_invest_retir_performance_video,cr_ag_invest_retir_performance_video_2,Desktop,macOS,Firefox,DE,,https://investpro.com/promo,Expandable,True
d334865c-5efe-4a1f-95f6-66d9fcf0dd00,6daff0e8-b083-43c5-805b-51c974ec9c94,2024-11-29T01:36:20,TDID_BFA8A391605D4055,UID2_9edfa9da12f8464fa76a,partner_3117,adv_finance_brand_001,cmp_bank_savings,ag_bank_savings_prospecting_video,cr_ag_bank_savings_prospecting_video_1,CTV,Android,App,UK,,https://securebank.com/promo,VideoCompanion,False
21c102b9-e159-459d-93ad-497e5ed36818,fa30d587-4c3d-4d8f-87f8-0145f90e7d36,2024-11-23T17:14:06,TDID_15B3855F3E8D4754,UID2_8e42e941d75d410e9bf7,partner_2221,adv_auto_brand_001,cmp_new_model_launch,ag_new_model_la_retargeting_display,cr_ag_new_model_la_retargeting_display_1,SmartTV,FireTV,App,UK,,https://autodrive.com/promo,VideoCompanion,True
4aab7b6c-40bc-4e27-9f1e-575115c4f849,e692c3ee-6f84-4356-95cc-5dd2724909cf,2024-12-02T05:11:39,TDID_F0902D131AB547A3,UID2_e150c6f886b04dccb8e9,partner_2419,adv_tech_brand_002,cmp_cloud_enterprise,ag_cloud_enterp_retargeting_native,cr_ag_cloud_enterp_retargeting_native_1,SmartTV,Roku,App,US,TX,https://cloudsoft.com/promo,Expandable,True
628d65ff-cf1a-4f3d-ab91-09ca58d07285,3ca00253-584e-44bc-b2d4-6acf92d1b6c9,2024-11-28T15:02:55,TDID_65EE77C5FFE449B3,UID2_8917a510a04847f8a804,partner_8255,adv_auto_brand_001,cmp_new_model_launch,ag_new_model_la_retargeting_display,cr_ag_new_model_la_retargeting_display_2,SmartTV,Roku,App,AU,,https://autodrive.com/promo,Standard,True
ee7d8374-eb88-472e-9b7f-dd354aa08c58,7d9850b3-c414-4735-bbc1-6538b930eacb,2024-12-02T19:54:43,TDID_6BB4D409A2C44AF4,UID2_b0c65d28855d48909e5b,partner_3392,adv_travel_brand_002,cmp_vacation_cruise,ag_vacation_cru_retargeting_display,cr_ag_vacation_cru_retargeting_display_3,Desktop,Windows,Firefox,DE,,https://vacationhub.com/promo,VideoCompanion,True
87982bdd-f8c2-4ba9-aa18-4b52e1722880,1c3544f3-99d1-49eb-b7e7-1ca1bd721968,2024-11-26T23:58:05,TDID_682BDECA97574F36,UID2_519ad25b90654f5b8561,partner_2480,adv_auto_brand_002,cmp_speed_performance,ag_speed_perfor_performance_video,cr_ag_speed_perfor_performance_video_3,Tablet,Windows,Safari,US,OH,https://speedmotors.com/promo,Expandable,True
8eda1a7d-a7f8-44de-9a14-3644ec3f76a3,72513f46-5bf1-426f-839b-339f5faf6640,2024-12-08T23:20:18,TDID_46E43071E9884454,UID2_ca76e5e7a91c433a9004,partner_6887,adv_auto_brand_003,cmp_electra_test_drive,ag_electra_test_retargeting_native,cr_ag_electra_test_retargeting_native_2,Tablet,Windows,Edge,UK,,https://electracar.com/promo,Expandable,True
b81055a5-b865-4c23-8959-2741784ad7cb,2d1c30af-dd8a-4d9f-88c7-e259c1ac8de4,2024-12-15T19:34:42,TDID_10BBF31D76874D0C,UID2_7630cf5375d34ed99162,partner_5353,adv_cpg_brand_002,cmp_clean_newyear,ag_clean_newyea_prospecting_native,cr_ag_clean_newyea_prospecting_native_2,Desktop,macOS,Firefox,CA,,https://cleanhome.com/promo,Standard,True
2da144a9-091c-4f44-b0cf-418e8b3914f5,31076467-4420-4204-9575-6b79a19bd965,2024-12-08T12:10:09,TDID_2F42DD6808AE476A,UID2_d3472e1b2c4c45d9acdd,partner_7971,adv_auto_brand_003,cmp_electra_test_drive,ag_electra_test_performance_video,cr_ag_electra_test_performance_video_1,CTV,Roku,App,AU,,https://electracar.com/promo,Standard,True
025459ae-0921-497f-bdb4-0a7fb1a9f89c,28abfb09-c18d-47df-9117-48b6f2ab0ce6,2024-12-11T21:41:56,TDID_F975282E5C264577,UID2_08e5ad24ca474e0cabe2,partner_8590,adv_travel_brand_003,cmp_flight_holiday,ag_flight_holid_awareness_video,cr_ag_flight_holid_awareness_video_2,Tablet,macOS,Firefox,US,IL,https://flightdeals.com/promo,Expandable,True
c1cb1254-506a-4d9c-ab42-e58e79855a2a,7727678a-f7a8-4644-9340-17bceaa8887d,2024-12-04T04:38:28,TDID_24EA2D40CB9F4A32,UID2_3d7be50e00bb4795b30f,partner_1234,adv_travel_brand_002,cmp_vacation_cruise,ag_vacation_cru_performance_video,cr_ag_vacation_cru_performance_video_3,SmartTV,tvOS,App,CA,,https://vacationhub.com/promo,Standard,True
8513aaef-edf9-4ca5-873e-c88a6961e9ca,1d5ac3c4-8fb9-49dd-97f2-71d5e17dd3db,2024-12-08T02:19:48,TDID_5640B6A0B23848D2,UID2_1786f50739a34712986a,partner_5290,adv_retail_brand_002,cmp_shopsmart_blackfriday,ag_shopsmart_bl_retargeting_native,cr_ag_shopsmart_bl_retargeting_native_2,SmartTV,FireTV,App,UK,,https://shopsmart.com/promo,Standard,True
4281e331-38a4-4a70-aa83-c62f803a35dc,4340a247-765b-4064-9ab0-0e7783f63813,2024-11-30T02:35:09,TDID_7A9B4E8F327349FF,UID2_41a510bc75484191a9b6,partner_3256,adv_travel_brand_001,cmp_winter_getaway,ag_winter_getaw_retargeting_native,cr_ag_winter_getaw_retargeting_native_1,Mobile,iOS,Safari,UK,,https://travelease.com/promo,Standard,True
11be5410-efcf-4444-8468-1e0d5445dd99,56352fe9-cba7-46d5-bb17-bc902013eadc,2024-11-28T07:43:43,TDID_56C620D0C98644EF,UID2_5ab27f70a3e94cf3b37c,partner_1701,adv_tech_brand_002,cmp_cloud_enterprise,ag_cloud_enterp_performance_display,cr_ag_cloud_enterp_performance_display_2,Desktop,macOS,Safari,FR,,https://cloudsoft.com/promo,Expandable,True
f815e01d-b7d2-496e-83a0-cdce495ce871,ea2a58e3-23d7-49c8-8b45-fe86ce9ecb05,2024-11-25T16:56:04,TDID_02F08A49E3A44FBE,UID2_c2909150f3f24398adb9,partner_2332,adv_travel_brand_002,cmp_vacation_cruise,ag_vacation_cru_awareness_video,cr_ag_vacation_cru_awareness_video_1,SmartTV,Android,App,UK,,https://vacationhub.com/promo,VideoCompanion,True
350ff670-3941-4295-9063-50a1b713176f,92385cc0-5f3f-43cf-9eae-61f2346607ef,2024-12-06T13:42:10,TDID_0AB04D7D5F59487F,UID2_0f890574098045619b0a,partner_5756,adv_auto_brand_003,cmp_electra_test_drive,ag_electra_test_performance_video,cr_ag_electra_test_performance_video_3,Mobile,iOS,Safari,FR,,https://electracar.com/promo,VideoCompanion,True
5ed64da4-92b6-442d-9362-59de735109d1,ffbb7b7b-3361-4957-ac91-d20826cf28d7,2024-12-07T19:09:16,TDID_D0DE1A60EBAC4F00,UID2_e5cf6af2213e4ea9b7ce,partner_2846,adv_ent_brand_001,cmp_stream_holiday,ag_stream_holid_prospecting_video,cr_ag_stream_holid_prospecting_video_1,SmartTV,FireTV,App,AU,,https://streammax.com/promo,VideoCompanion,True
50271dd6-2c20-44bd-8128-312fedfd86e1,fb6bd177-162b-4ae8-9513-eba8f27c984f,2024-12-11T07:46:37,TDID_B0897F040C114D64,UID2_088d813643f74141b8cb,partner_3676,adv_cpg_brand_001,cmp_fresh_holiday,ag_fresh_holida_prospecting_native,cr_ag_fresh_holida_prospecting_native_3,CTV,Roku,App,US,MI,https://freshfoods.com/promo,Standard,True
8dcad3b0-f9b7-43d2-9eab-8cc095722498,a17b7f7d-3cbb-427e-911c-1e98e9bc5283,2024-11-23T09:19:01,TDID_0B0EE56D2E8D4F29,UID2_137a0e4c0ee44af49293,partner_8608,adv_auto_brand_003,cmp_electra_test_drive,ag_electra_test_performance_video,cr_ag_electra_test_performance_video_3,SmartTV,tvOS,App,AU,,https://electracar.com/promo,Standard,True
23e1a518-d1ae-44f6-812b-d527e42dab31,bc875647-3a8e-49be-876b-e3e9b8fc4023,2024-12-15T00:23:44,TDID_99982DF271D94079,UID2_297764d1275542228d8f,partner_8006,adv_tech_brand_003,cmp_app_install,ag_app_install_retargeting_display,cr_ag_app_install_retargeting_display_1,SmartTV,tvOS,App,CA,,https://appmaster.com/promo,Expandable,True
07ddfa7b-476c-4586-9195-570944b6ad04,43e4f3c3-cc48-470a-9e59-43d50a6ae864,2024-12-07T13:57:13,TDID_A045956A79D84996,UID2_1fb18791955e4943b1ba,partner_1661,adv_retail_brand_001,cmp_brand_awareness_q4,ag_brand_awaren_retargeting_native,cr_ag_brand_awaren_retargeting_native_1,Desktop,Windows,Safari,DE,,https://retailmax.com/promo,Standard,True
c6f33ef1-b3ba-4c50-8fa8-4a8129eb0d9f,d1fc6ba9-f9ef-4671-9def-ce32e8c0b8b0,2024-12-08T15:57:31,TDID_155E2A82117D48D8,UID2_2a15ad9a051e42dd9f25,partner_2621,adv_retail_brand_001,cmp_retail_clearance,ag_retail_clear_performance_display,cr_ag_retail_clear_performance_display_2,CTV,Android,App,US,NY,https://retailmax.com/promo,Expandable,True
6fb417d2-7fe3-4bf5-bf5e-de1dc0988211,489952dd-2ba1-4a13-99d2-d732be7a87d8,2024-11-26T05:36:31,TDID_EFDC82E120FF485C,UID2_1ed60e9ad046479786ef,partner_1502,adv_auto_brand_001,cmp_new_model_launch,ag_new_model_la_awareness_video,cr_ag_new_model_la_awareness_video_2,Desktop,Windows,Safari,US,IL,https://autodrive.com/promo,Standard,True
4e457da3-db49-4b28-b129-ef7046df278b,912d7d2b-88d6-4a53-8b6e-bb4111101469,2024-11-24T01:31:15,TDID_3B0E841521734F2F,UID2_b4eae53b815e46e09118,partner_2960,adv_health_brand_001,cmp_health_enrollment,ag_health_enrol_performance_video,cr_ag_health_enrol_performance_video_2,Tablet,Windows,Edge,UK,,https://healthplus.com/promo,Expandable,True
52d70302-b511-4961-afa4-f50f5b98e012,e1b3c6be-b8ed-4e1f-a872-c83c4337107b,2024-11-19T07:32:37,TDID_C00684E98F1F4B32,UID2_f265c79ea55e4664ab74,partner_2629,adv_auto_brand_001,cmp_new_model_launch,ag_new_model_la_retargeting_display,cr_ag_new_model_la_retargeting_display_1,Tablet,Windows,Edge,US,PA,https://autodrive.com/promo,VideoCompanion,True
8bdf74de-f9a9-4a9d-9f75-33be31bdaed2,2ea79405-7ad5-4b11-8204-8f8773ca2404,2024-12-05T23:57:31,TDID_5AF3DAAAB7F0431A,UID2_cbc306bd81ae4e00a3d6,partner_2013,adv_auto_brand_003,cmp_electra_ev_awareness,ag_electra_ev_a_prospecting_native,cr_ag_electra_ev_a_prospecting_native_2,Tablet,macOS,Edge,DE,,https://electracar.com/promo,Standard,True
cfc377a8-8538-4d1b-8e30-65f73dbff8bb,0e635643-e368-4104-b9de-3b2bb9f46b0b,2024-12-11T10:48:22,TDID_AE0553E6BEDC4E48,UID2_38547e898d4949da9e15,partner_8997,adv_travel_brand_003,cmp_flight_holiday,ag_flight_holid_awareness_video,cr_ag_flight_holid_awareness_video_2,Tablet,Windows,Safari,CA,,https://flightdeals.com/promo,Expandable,True
c1799934-e50f-4a1b-a1fb-7ba90248e194,751bba39-1298-434d-b525-d43bea6d7b25,2024-11-28T23:13:50,TDID_3E32D09088BC4628,UID2_37bb4e2196dd41bf9662,partner_5900,adv_auto_brand_001,cmp_auto_yearend_sale,ag_auto_yearend_retargeting_native,cr_ag_auto_yearend_retargeting_native_1,CTV,tvOS,App,AU,,https://autodrive.com/promo,Standard,False
3d413801-9ed1-4658-83fc-26cb223932da,2763d70e-79f2-4dd1-8bb3-85989468c8bd,2024-12-09T10:07:44,TDID_9A5B98C9C46C41A2,UID2_0c226ca51f9443b89f6b,partner_6991,adv_travel_brand_002,cmp_vacation_cruise,ag_vacation_cru_performance_video,cr_ag_vacation_cru_performance_video_3,Tablet,Windows,Edge,AU,,https://vacationhub.com/promo,Standard,True
028d24a0-239c-4297-b178-152b19acfa59,f88d04a3-0f9c-4d83-83df-2276102563ce,2024-12-06T07:10:52,TDID_1F488E646E65411C,UID2_dbae394b9f4341ceae6f,partner_9965,adv_ent_brand_002,cmp_game_launch,ag_game_launch_prospecting_video,cr_ag_game_launch_prospecting_video_1,Desktop,Windows,Edge,CA,,https://gamezone.com/promo,Expandable,True
cba19e7c-dee4-4cae-9e1a-a4867eb24a43,4943884b-dcc0-4dea-8e84-6237278f0d68,2024-12-12T09:03:30,TDID_B65630FF5FEF4A4B,UID2_211b65e2454b41faa9f3,partner_9445,adv_auto_brand_003,cmp_electra_test_drive,ag_electra_test_performance_video,cr_ag_electra_test_performance_video_3,CTV,Android,App,AU,,https://electracar.com/promo,Expandable,True
74db1010-ef3b-4e78-9f19-0cb00d560cb3,635e237d-67ff-4b1a-8bba-d36897a9b6be,2024-11-21T21:15:24,TDID_2B9CB4D82F824D6E,UID2_7b40ba40285a4c4190d1,partner_6527,adv_auto_brand_001,cmp_auto_yearend_sale,ag_auto_yearend_retargeting_native,cr_ag_auto_yearend_retargeting_native_2,Tablet,macOS,Chrome,US,OH,https://autodrive.com/promo,Expandable,True
b626226e-3f8b-418a-a7d9-0892c421598a,949f76ea-4f91-4d99-9b07-7fbc1fde01bc,2024-11-23T17:53:36,TDID_F677D4A9DF1341D5,UID2_4667d391f0bf4f8da02f,partner_5434,adv_auto_brand_002,cmp_speed_performance,ag_speed_perfor_performance_video,cr_ag_speed_perfor_performance_video_1,Desktop,macOS,Safari,DE,,https://speedmotors.com/promo,Standard,True
59c8606f-e645-481d-8c91-f79188a59a99,98045d22-d80a-4429-90a2-a6453c897b3e,2024-12-01T20:48:38,TDID_AF0FE50A4269485A,UID2_165ca4ee481b4bcc9ac5,partner_2843,adv_cpg_brand_001,cmp_fresh_holiday,ag_fresh_holida_performance_video,cr_ag_fresh_holida_performance_video_3,Mobile,Android,Samsung Internet,US,OH,https://freshfoods.com/promo,Expandable,True
07195145-780c-4c88-b20b-db42f5befc14,f452fd52-344e-4ef3-a045-8d235c241f88,2024-12-14T09:07:58,TDID_20C5F1252EAF4213,UID2_67f890816ebb4f0dacac,partner_3581,adv_auto_brand_003,cmp_electra_test_drive,ag_electra_test_retargeting_native,cr_ag_electra_test_retargeting_native_1,Desktop,Windows,Firefox,CA,,https://electracar.com/promo,VideoCompanion,True
9e6ca65f-448f-4d77-b2f3-d198711d896e,d525b1c8-1b69-4d35-b4d0-5ac4593bf817,2024-11-18T08:41:28,TDID_A0E2E6ECED1D489C,UID2_f5fe60179075460dbf75,partner_9856,adv_travel_brand_001,cmp_winter_getaway,ag_winter_getaw_prospecting_native,cr_ag_winter_getaw_prospecting_native_1,Tablet,macOS,Firefox,FR,,https://travelease.com/promo,Standard,True
bc24999d-40b2-477b-ac12-ff584da34c54,53207c2b-038e-49d0-9ac0-218da59c605e,2024-12-13T16:21:04,TDID_9688F72D3EA049F6,UID2_05c69dc2d16a4aa98316,partner_7584,adv_finance_brand_001,cmp_bank_savings,ag_bank_savings_prospecting_video,cr_ag_bank_savings_prospecting_video_3,Desktop,Windows,Firefox,CA,,https://securebank.com/promo,Expandable,True
163423c1-a315-466b-9fa6-7f1a572603b0,2db65e5b-699b-479f-aa19-4fc35468100c,2024-11-28T13:21:21,TDID_157B20C782054325,UID2_9d1b242e03d749359bd5,partner_7089,adv_ent_brand_001,cmp_stream_holiday,ag_stream_holid_prospecting_video,cr_ag_stream_holid_prospecting_video_1,Mobile,Android,Safari,FR,,https://streammax.com/promo,Standard,True
5f72c9e0-4d68-4b1f-a33c-27460b2089e5,009a1f1b-df97-4c6b-acef-330ac5bbe9f1,2024-11-25T00:32:15,TDID_27D28F050F554B50,UID2_25808207c8eb4c95ac51,partner_1918,adv_retail_brand_003,cmp_megamart_grocery,ag_megamart_gro_awareness_ctv,cr_ag_megamart_gro_awareness_ctv_1,Tablet,Windows,Safari,CA,,https://megamart.com/promo,Standard,True
e9ffae99-4e1d-444f-bd57-ce920514247f,fb4a536e-f9c4-42f1-bc9d-7c32f2929920,2024-11-17T08:06:54,TDID_C52BDEC31FDF47A1,UID2_3b9f970aec164983ad3e,partner_1777,adv_tech_brand_003,cmp_app_install,ag_app_install_prospecting_video,cr_ag_app_install_prospecting_video_3,SmartTV,Android,App,FR,,https://appmaster.com/promo,VideoCompanion,True
e9dcd768-7abb-4ddc-9c75-351611f4ea6e,f5d6afc4-7683-4eb7-9e64-e605ca5f1ab6,2024-11-17T12:06:53,TDID_03BF812F8E594698,UID2_44072616e61c4888856b,partner_7278,adv_travel_brand_002,cmp_vacation_cruise,ag_vacation_cru_retargeting_display,cr_ag_vacation_cru_retargeting_display_1,Mobile,iOS,Samsung Internet,FR,,https://vacationhub.com/promo,Standard,True
bb786d73-72dc-4895-a4c4-f287b9acc989,153ceb10-014a-4ea1-9473-c65a4a961c16,2024-11-23T01:03:12,TDID_6C24067E42B64E63,UID2_73e22178078341589bbd,partner_3106,adv_tech_brand_002,cmp_cloud_enterprise,ag_cloud_enterp_performance_display,cr_ag_cloud_enterp_performance_display_2,SmartTV,Roku,App,US,MI,https://cloudsoft.com/promo,Standard,True
b971a0b3-5a2e-44fe-8ff1-652603ce23ad,f850a520-eab3-4476-8c69-94757fe18344,2024-11-27T17:59:34,TDID_C44EDE5E42394697,UID2_5d95b372bea44970bc5f,partner_7000,adv_auto_brand_001,cmp_new_model_launch,ag_new_model_la_retargeting_display,cr_ag_new_model_la_retargeting_display_2,SmartTV,tvOS,App,AU,,https://autodrive.com/promo,Expandable,True
9ecee795-966f-474e-a1a1-2a93a9275245,b3ae9ceb-7c90-4742-9d09-12062eefe412,2024-11-18T21:43:32,TDID_73FC4A4D76CC40C8,UID2_2359f36b64264d5caef4,partner_9195,adv_cpg_brand_001,cmp_fresh_holiday,ag_fresh_holida_prospecting_native,cr_ag_fresh_holida_prospecting_native_3,Desktop,macOS,Safari,CA,,https://freshfoods.com/promo,VideoCompanion,True
61018278-c4c6-4db3-922f-8bf7e24d2b25,3e63535c-4ccf-4af4-9efe-e9ce7294c482,2024-11-24T08:57:58,TDID_D08D2D5135E3496D,UID2_f2a4ff71544f45839667,partner_4036,adv_auto_brand_003,cmp_electra_ev_awareness,ag_electra_ev_a_retargeting_native,cr_ag_electra_ev_a_retargeting_native_2,CTV,tvOS,App,US,IL,https://electracar.com/promo,Standard,True
0be12c51-8a33-4480-b12f-d26b38ddc0f7,a7acd774-7d37-496c-9007-2afdb6d8abae,2024-12-15T04:33:15,TDID_80D83E55B4BF4235,UID2_1aa6a388c85f4038a139,partner_7666,adv_travel_brand_003,cmp_flight_holiday,ag_flight_holid_prospecting_video,cr_ag_flight_holid_prospecting_video_1,SmartTV,tvOS,App,US,FL,https://flightdeals.com/promo,Expandable,True
09fdb527-4b6e-45ba-b29a-00309a1fbba9,e8b00f53-6491-4ba6-b63f-407a678049e2,2024-12-08T05:10:15,TDID_889F70EB26A64E4B,UID2_569daa0ad6664e709f41,partner_2803,adv_retail_brand_002,cmp_shopsmart_loyalty,ag_shopsmart_lo_performance_display,cr_ag_shopsmart_lo_performance_display_3,Desktop,Windows,Firefox,AU,,https://shopsmart.com/promo,VideoCompanion,True
10e68d32-fe1f-46ab-a01a-dc881d7890f1,2895c370-381f-431e-bb70-b7bdd968f9cc,2024-12-05T14:37:36,TDID_C836FF28A07849AA,UID2_5e3d9e06d2374de2a697,partner_2582,adv_ent_brand_002,cmp_game_launch,ag_game_launch_prospecting_video,cr_ag_game_launch_prospecting_video_1,Desktop,macOS,Chrome,CA,,https://gamezone.com/promo,Expandable,True
e26d6865-3613-495f-927e-7edeacde540e,0fa28176-e806-4198-a10d-412ff46b67b3,2024-11-23T04:34:47,TDID_BED276A317F44C98,UID2_e417884c7f7042dd8fd5,partner_4202,adv_auto_brand_001,cmp_new_model_launch,ag_new_model_la_awareness_video,cr_ag_new_model_la_awareness_video_1,Mobile,Android,Safari,US,CA,https://autodrive.com/promo,VideoCompanion,True
7b9b9a07-d9e2-4d54-9325-0290acaa5cc3,cd38a20a-4efa-4ca9-9bc6-978cb8f2a697,2024-11-24T20:13:21,TDID_F85B582101B8450D,UID2_3aa3e5fdcde4464ea92c,partner_4638,adv_finance_brand_003,cmp_credit_rewards,ag_credit_rewar_awareness_video,cr_ag_credit_rewar_awareness_video_3,Tablet,macOS,Edge,US,IL,https://creditmax.com/promo,Expandable,True
ee061a12-ffda-42fb-a8c0-d0094a6f13f7,342fe880-269e-423c-b348-59986ab3f9f6,2024-12-05T07:59:09,TDID_F0C2E599D6EE45A6,UID2_8820d4b8c40d492bbe3b,partner_2466,adv_auto_brand_001,cmp_new_model_launch,ag_new_model_la_awareness_video,cr_ag_new_model_la_awareness_video_1,CTV,FireTV,App,CA,,https://autodrive.com/promo,Standard,True
2d09e0ee-a652-4122-aac4-aea30d58642b,87b16446-412a-4579-ae3a-2e19a7a4ff8f,2024-12-11T21:11:59,TDID_C87BA5BB22BC442E,UID2_75d4a84a0a894034b23b,partner_8299,adv_health_brand_001,cmp_health_enrollment,ag_health_enrol_performance_video,cr_ag_health_enrol_performance_video_1,SmartTV,FireTV,App,FR,,https://healthplus.com/promo,Standard,True
be1100f1-a6b2-42e5-981c-de3e20b5d6a7,173998bf-979d-480f-9cdd-e7409a012238,2024-11-26T02:48:38,TDID_9D36747A4E564522,UID2_b93db260e52941e4adb7,partner_8200,adv_tech_brand_003,cmp_app_install,ag_app_install_prospecting_video,cr_ag_app_install_prospecting_video_1,Desktop,Windows,Firefox,FR,,https://appmaster.com/promo,VideoCompanion,True
ad305c9f-7c60-4d41-87f5-64b539018170,377ac333-1481-4a27-a877-cdf86b59b3e3,2024-12-10T00:21:38,TDID_F6C8404EF24641BC,UID2_7966fa939c6d49978c40,partner_1223,adv_auto_brand_003,cmp_electra_ev_awareness,ag_electra_ev_a_prospecting_native,cr_ag_electra_ev_a_prospecting_native_1,Desktop,macOS,Firefox,CA,,https://electracar.com/promo,Expandable,True
9c9a9ee5-10ce-446e-b968-b48295050240,e2bcb13a-cd85-436c-bfc3-cf152f2f2cba,2024-12-15T10:37:29,TDID_040CAA3271854AE9,UID2_230f4e0caecf4bac85fd,partner_2241,adv_tech_brand_001,cmp_tech_product_launch,ag_tech_product_performance_video,cr_ag_tech_product_performance_video_1,CTV,Roku,App,DE,,https://techgiant.com/promo,Expandable,True
05935d43-4be0-44ff-ae85-ceea446d4035,e2e7ed81-11df-47bb-a0ea-e2beeb1c9ef3,2024-11-21T05:30:39,TDID_C7E75BCAFF924F01,UID2_ee6999a639944588a20f,partner_7208,adv_ent_brand_001,cmp_stream_holiday,ag_stream_holid_awareness_video,cr_ag_stream_holid_awareness_video_3,Tablet,macOS,Safari,UK,,https://streammax.com/promo,Expandable,True
d11baf89-823e-4169-a65b-c0c77d521aae,d71dfc70-4ba1-4698-9e86-781b72acae74,2024-12-10T05:04:49,TDID_F93C256C21FF4C90,UID2_9c1ccc4411c847f4bc62,partner_6531,adv_travel_brand_003,cmp_flight_holiday,ag_flight_holid_performance_display,cr_ag_flight_holid_performance_display_4,SmartTV,Roku,App,US,TX,https://flightdeals.com/promo,Standard,True
052342fc-198d-48f0-b6f6-c2b19247488e,6a47ef63-e9b3-42d9-b941-fb891ad3e176,2024-12-15T05:34:19,TDID_0A6FB2DE2B064ACE,UID2_dff2732219ec443d966c,partner_3445,adv_finance_brand_001,cmp_bank_mortgage,ag_bank_mortgag_prospecting_video,cr_ag_bank_mortgag_prospecting_video_2,Tablet,Windows,Edge,UK,,https://securebank.com/promo,Standard,True
9d65adf3-97b4-4fa1-909e-f19b6e1b568f,a4989b96-6e97-4cd4-82c1-615550d4f786,2024-12-12T02:02:51,TDID_7260A7E2C8A84FC7,UID2_268505acd74d4b45890b,partner_5515,adv_health_brand_002,cmp_wellness_newyear,ag_wellness_new_retargeting_native,cr_ag_wellness_new_retargeting_native_2,SmartTV,Android,App,CA,,https://wellnessfirst.com/promo,VideoCompanion,True
3c0d2db4-b99e-4504-ad6a-ad85c2a2cb1b,185c92b9-ada3-4abb-bc31-abb9fd95a012,2024-11-24T10:52:41,TDID_E8E9723CD3CF4DDF,UID2_b07ca25b821842d78859,partner_1872,adv_auto_brand_003,cmp_electra_ev_awareness,ag_electra_ev_a_retargeting_native,cr_ag_electra_ev_a_retargeting_native_3,SmartTV,tvOS,App,CA,,https://electracar.com/promo,Standard,True
fe991cad-12ac-4141-a82a-9ab287f66442,75be4152-50c5-45bb-8b3e-1a85c53caa49,2024-11-25T12:09:44,TDID_94082ED879B045FC,UID2_66c712709edf486094b4,partner_6051,adv_finance_brand_002,cmp_invest_retirement,ag_invest_retir_awareness_ctv,cr_ag_invest_retir_awareness_ctv_1,Tablet,Windows,Firefox,CA,,https://investpro.com/promo,VideoCompanion,True
9368dcac-8c38-4dd3-a378-ba76a4688697,78aa0cd3-3197-4753-8b35-27bc4a6fe170,2024-12-05T23:41:24,TDID_824FE7BF9BEF42C7,UID2_57e3c75a6d3c4aaf9255,partner_8041,adv_auto_brand_003,cmp_electra_ev_awareness,ag_electra_ev_a_prospecting_native,cr_ag_electra_ev_a_prospecting_native_3,CTV,FireTV,App,AU,,https://electracar.com/promo,Expandable,True
65b60f2e-8d6f-47ce-bc34-d32a312aa76f,a35f09ec-dbe7-4012-9081-e3a04acb08ec,2024-11-23T10:26:28,TDID_636CE7963B0849C0,UID2_696cb233d60d4e3b8158,partner_3796,adv_tech_brand_001,cmp_tech_product_launch,ag_tech_product_performance_video,cr_ag_tech_product_performance_video_2,Tablet,macOS,Edge,FR,,https://techgiant.com/promo,Expandable,True
c9ba5dcf-c3ae-45a4-9423-ea3de9771d63,0f9f06d0-6784-4c75-8389-14eb9170ec35,2024-12-14T00:24:11,TDID_29F0EA3BEAFC4964,UID2_a3ed7d3c81284b2380af,partner_2129,adv_retail_brand_001,cmp_holiday_promo_2024,ag_holiday_prom_retargeting_native,cr_ag_holiday_prom_retargeting_native_1,Mobile,iOS,Samsung Internet,FR,,https://retailmax.com/promo,VideoCompanion,False
75d7a6f7-2801-4f7a-acf1-1b0d55630a34,5967e70d-3bf2-48bf-ac12-5b322f158480,2024-11-21T17:20:19,TDID_DF22A775D386479C,UID2_03ae565b33864c3cb245,partner_6664,adv_cpg_brand_002,cmp_clean_newyear,ag_clean_newyea_retargeting_native,cr_ag_clean_newyea_retargeting_native_3,Mobile,iOS,Chrome,AU,,https://cleanhome.com/promo,VideoCompanion,True
15d11b95-4791-4c68-83fd-e5afb914d50f,1c69898a-0069-4fe2-b73e-598a0e51d1d8,2024-12-05T16:47:07,TDID_D85B1DFFB4194F10,UID2_b988f52c717f4635a8c9,partner_9682,adv_auto_brand_001,cmp_auto_yearend_sale,ag_auto_yearend_prospecting_native,cr_ag_auto_yearend_prospecting_native_1,CTV,Android,App,DE,,https://autodrive.com/promo,Expandable,True
23da5a11-1983-4313-9be4-868fd0e9e536,fc86a979-bde1-4c5e-969a-63961b275b5f,2024-12-15T13:00:55,TDID_359D2393D5F84168,UID2_2d0563f95f3240d18a99,partner_4948,adv_health_brand_002,cmp_wellness_newyear,ag_wellness_new_prospecting_video,cr_ag_wellness_new_prospecting_video_3,Tablet,Windows,Firefox,US,MI,https://wellnessfirst.com/promo,VideoCompanion,True
e73f4949-a294-4cb0-803c-8b8a23e3d749,2a366c16-8dcd-4fe1-8411-a00a874ef380,2024-12-08T01:03:45,TDID_232ED6A30254466A,UID2_a8e96aa4346c4b0dad53,partner_7097,adv_cpg_brand_002,cmp_clean_newyear,ag_clean_newyea_performance_video,cr_ag_clean_newyea_performance_video_2,SmartTV,Roku,App,FR,,https://cleanhome.com/promo,VideoCompanion,True
3ab7925d-0afa-4e6e-be57-643213f4b5d5,c06d6a2a-b8b0-437f-894e-7dc6f9afdebf,2024-12-09T09:30:44,TDID_86CC02A10F8441CE,UID2_e0c7bba59d8447bfb3a2,partner_5557,adv_retail_brand_001,cmp_retail_clearance,ag_retail_clear_retargeting_display,cr_ag_retail_clear_retargeting_display_3,Desktop,macOS,Firefox,DE,,https://retailmax.com/promo,Standard,True
a7d10102-ea06-4607-bc6d-239154a05b36,340d8c44-d14f-4d47-b002-c14398ab59fe,2024-12-05T19:53:31,TDID_AF5E6AF092D04285,UID2_2bfff1330b3f4f6f939b,partner_5267,adv_tech_brand_001,cmp_tech_holiday_bundle,ag_tech_holiday_prospecting_display,cr_ag_tech_holiday_prospecting_display_2,SmartTV,Roku,App,FR,,https://techgiant.com/promo,Expandable,True
78c70653-6c92-4ebf-a442-15af70b1ac1b,5ab99b00-c181-403a-a09b-c472412d91df,2024-11-17T04:57:26,TDID_BFF764ABB64A4FA7,UID2_ab5b263aa86a4fb7b8b0,partner_7999,adv_health_brand_001,cmp_health_enrollment,ag_health_enrol_prospecting_video,cr_ag_health_enrol_prospecting_video_2,CTV,Roku,App,UK,,https://healthplus.com/promo,Expandable,True
70ae4aa2-aad9-4b17-92db-55edd2f814a6,c537faf3-2ff3-47ad-b7fc-2951a5a8d8db,2024-12-02T16:15:01,TDID_F23ABCCF1C4C42AB,UID2_724d6de962434cfb90fb,partner_2530,adv_travel_brand_001,cmp_travel_newyear,ag_travel_newye_prospecting_display,cr_ag_travel_newye_prospecting_display_1,SmartTV,Roku,App,DE,,https://travelease.com/promo,Expandable,True
f1c71683-0882-4aa8-9d1e-e853b1757b36,2e0c8624-8d75-481e-9343-46f7e7e87b1a,2024-12-14T07:50:05,TDID_8905399BA3314087,UID2_dedd5c7af3ac4a298f6a,partner_7871,adv_travel_brand_002,cmp_vacation_cruise,ag_vacation_cru_performance_video,cr_ag_vacation_cru_performance_video_3,Tablet,macOS,Safari,US,GA,https://vacationhub.com/promo,Standard,True
d6c1aeac-7827-4a22-921d-3336dcdbc7f6,21c4eb5a-fc68-41a1-ba95-739c0d1a8374,2024-12-11T03:27:44,TDID_68CD13E3997D4F7A,UID2_6e541b6772cf4895bc41,partner_4617,adv_travel_brand_001,cmp_travel_newyear,ag_travel_newye_awareness_ctv,cr_ag_travel_newye_awareness_ctv_1,Mobile,iOS,Samsung Internet,AU,,https://travelease.com/promo,VideoCompanion,True
742d224f-4922-4765-a06b-0c26ea014299,5b0d2fff-cb5a-4acd-ab44-b84ab795858f,2024-12-10T17:57:13,TDID_6EB9B4819889400C,UID2_20c57325ed294b56bf43,partner_3370,adv_travel_brand_001,cmp_winter_getaway,ag_winter_getaw_prospecting_native,cr_ag_winter_getaw_prospecting_native_1,Tablet,Windows,Safari,US,IL,https://travelease.com/promo,VideoCompanion,True
fc6cf291-901a-4a11-99f9-d108a6958d31,b333375f-744d-4380-8e7c-50b3450db2cd,2024-11-24T05:43:19,TDID_EF62269E5F2C4EB0,UID2_fc779ec7909c45bb842e,partner_1408,adv_health_brand_001,cmp_health_enrollment,ag_health_enrol_prospecting_video,cr_ag_health_enrol_prospecting_video_2,CTV,Android,App,UK,,https://healthplus.com/promo,Expandable,True
1029c2df-3e9c-424f-9f4d-f5f7f0413f7f,29118227-1220-4134-81bc-1c59e089d077,2024-11-19T03:32:08,TDID_F2889CB9B6D44519,UID2_3d242f3800fc4c2cac6d,partner_4000,adv_auto_brand_001,cmp_new_model_launch,ag_new_model_la_awareness_video,cr_ag_new_model_la_awareness_video_3,SmartTV,tvOS,App,CA,,https://autodrive.com/promo,Expandable,True
1187a82d-9d5c-48fe-a359-ed5a30329b3f,ef9dc66e-2719-43eb-b237-068fb4325b1b,2024-12-04T07:44:10,TDID_16E7F1B5AB7047CC,UID2_4b098fcb019b45069619,partner_9514,adv_retail_brand_001,cmp_retail_clearance,ag_retail_clear_performance_display,cr_ag_retail_clear_performance_display_3,SmartTV,Android,App,US,IL,https://retailmax.com/promo,Standard,True
a5714a83-9592-4982-972d-d4381b723890,14bbac25-2f9b-4b25-8de6-f555f34bc8f0,2024-12-09T05:20:49,TDID_461E348B6B324019,UID2_f76fca7c271148a9857a,partner_2776,adv_cpg_brand_002,cmp_clean_newyear,ag_clean_newyea_retargeting_native,cr_ag_clean_newyea_retargeting_native_3,Tablet,Windows,Chrome,AU,,https://cleanhome.com/promo,Standard,True
9d9193c2-5c6e-4212-9f40-e0071edce1d2,46be2d3f-dd09-4341-a95c-4c2b4b03652a,2024-12-06T22:19:47,TDID_6C6876BF8B7541C4,UID2_19d25304fae54e13889c,partner_8806,adv_finance_brand_003,cmp_credit_rewards,ag_credit_rewar_awareness_video,cr_ag_credit_rewar_awareness_video_3,Mobile,iOS,Safari,CA,,https://creditmax.com/promo,VideoCompanion,True
ffbfdbb6-b6f7-4eed-bae0-992d7c96f75a,fe028cd6-472f-4e10-92b1-1a693b2f5222,2024-11-22T14:50:43,TDID_D59B5051F4DE4B8C,UID2_47945cb26b834d358dee,partner_3829,adv_retail_brand_002,cmp_shopsmart_loyalty,ag_shopsmart_lo_performance_display,cr_ag_shopsmart_lo_performance_display_2,Tablet,macOS,Edge,CA,,https://shopsmart.com/promo,Standard,False
e13389ab-5866-47e5-97ec-4916d92c9e57,ed1a4220-a986-4e5c-9edb-eb714cea88b0,2024-11-19T01:17:57,TDID_1EECEC2264804902,UID2_d96efa7753a2469c879d,partner_6101,adv_health_brand_002,cmp_wellness_newyear,ag_wellness_new_retargeting_native,cr_ag_wellness_new_retargeting_native_1,Mobile,iOS,Samsung Internet,AU,,https://wellnessfirst.com/promo,VideoCompanion,True
b0eafb89-593a-4c56-986f-c730a5550b5f,4e892694-1632-443c-9c78-5b007b3a5c6e,2024-12-14T15:33:29,TDID_8C94C68FDB644E9A,UID2_393e9ea2332b4997b4e9,partner_4078,adv_ent_brand_002,cmp_game_launch,ag_game_launch_performance_display,cr_ag_game_launch_performance_display_2,Tablet,Windows,Firefox,DE,,https://gamezone.com/promo,Expandable,True
ba05e9b9-66bd-4f2c-a05b-fceb2ac5c13f,0f1bb6d7-4c82-40f5-afa7-5abbcdf5d8b8,2024-11-28T19:45:55,TDID_14678CE79A8B4C2B,UID2_ae7aa2dc58764d27ac56,partner_4934,adv_finance_brand_003,cmp_credit_rewards,ag_credit_rewar_awareness_video,cr_ag_credit_rewar_awareness_video_3,Mobile,iOS,Chrome,CA,,https://creditmax.com/promo,VideoCompanion,True
210f5158-502b-4ed0-89f8-28cb42e131b8,87fafcb8-ac5f-4948-bdab-4e1437c445f7,2024-12-14T21:52:37,TDID_DC472B665CDF4E88,UID2_f3ea78108de642e18c6c,partner_5369,adv_retail_brand_001,cmp_holiday_promo_2024,ag_holiday_prom_prospecting_display,cr_ag_holiday_prom_prospecting_display_2,CTV,Roku,App,AU,,https://retailmax.com/promo,Standard,True
2c609bbd-a379-4290-b4c8-eddb90d606e8,0b77ae97-e2fc-4728-90a7-59caab61d983,2024-11-29T01:18:49,TDID_2F9976ACAF1E4D0B,UID2_95638eff527c4e1a83ac,partner_2657,adv_auto_brand_001,cmp_new_model_launch,ag_new_model_la_awareness_video,cr_ag_new_model_la_awareness_video_3,Mobile,iOS,Samsung Internet,FR,,https://autodrive.com/promo,VideoCompanion,True
ecd64a87-9f18-4d09-a8d5-9fb627077857,1cff032d-d964-4a2e-a74a-46050c25b3df,2024-11-24T01:58:21,TDID_6C8C9E6060AD432D,UID2_1694f62a5efa4a718a5b,partner_8044,adv_auto_brand_001,cmp_new_model_launch,ag_new_model_la_retargeting_display,cr_ag_new_model_la_retargeting_display_2,CTV,tvOS,App,DE,,https://autodrive.com/promo,Expandable,True
4ae9c19a-cdcd-485c-a069-b6a258c7cf4d,966e3d7c-b593-4ad4-911d-30a951785867,2024-11-20T05:13:57,TDID_863A73701CBA4D14,UID2_cfe4fd959ad346fa8539,partner_1666,adv_retail_brand_003,cmp_megamart_grocery,ag_megamart_gro_retargeting_display,cr_ag_megamart_gro_retargeting_display_1,Tablet,macOS,Safari,US,FL,https://megamart.com/promo,Standard,True
ed6b0c63-68bb-4d70-8a54-b859c6467529,2542111b-16f9-4919-80c5-12eeec90115d,2024-11-20T15:47:21,TDID_9A6C70A19C974574,UID2_66a60c4e21524922b7eb,partner_6340,adv_finance_brand_003,cmp_credit_rewards,ag_credit_rewar_retargeting_display,cr_ag_credit_rewar_retargeting_display_4,CTV,tvOS,App,AU,,https://creditmax.com/promo,VideoCompanion,True
bd6688d7-d611-441b-86a6-2499c9a37d40,ebae7ad5-adb1-4caa-8396-db3b001f0a6b,2024-11-17T03:38:05,TDID_CDB05BAA066744DB,UID2_b2cf217dfbba4c5aac89,partner_3918,adv_auto_brand_002,cmp_speed_performance,ag_speed_perfor_prospecting_video,cr_ag_speed_perfor_prospecting_video_1,Tablet,Windows,Chrome,AU,,https://speedmotors.com/promo,Expandable,True
1a3175e1-535e-41a8-a0c5-3d4aa7a18092,20b05104-a3ea-414b-8b5c-623ec837a3fe,2024-11-29T04:09:24,TDID_D87F61DB20934CCF,UID2_a983be9187b4434a9099,partner_1041,adv_retail_brand_003,cmp_megamart_grocery,ag_megamart_gro_retargeting_display,cr_ag_megamart_gro_retargeting_display_1,SmartTV,tvOS,App,CA,,https://megamart.com/promo,VideoCompanion,True
bc92cfe1-84e8-4355-b9e0-5c09804dc3a7,c2578823-918a-460e-891d-49ecf774c518,2024-11-16T07:43:27,TDID_7F4652D4649D4B45,UID2_74cc3d482e59490ca0af,partner_9794,adv_tech_brand_002,cmp_cloud_enterprise,ag_cloud_enterp_performance_display,cr_ag_cloud_enterp_performance_display_1,CTV,FireTV,App,US,NC,https://cloudsoft.com/promo,Expandable,True
bfca2ea0-0feb-421f-84ee-809a76b8c94c,f8504d83-fad5-4e62-a5c0-3bee079a38e0,2024-11-22T12:10:20,TDID_41A912731DB341E6,UID2_00abb69382164f4bbae6,partner_7858,adv_travel_brand_003,cmp_flight_holiday,ag_flight_holid_retargeting_display,cr_ag_flight_holid_retargeting_display_1,Mobile,Android,Safari,AU,,https://flightdeals.com/promo,Expandable,True
e574c748-b86f-4d11-a91d-45e9bb8f621a,4fb8ca31-ac2d-4923-bc26-0e270414b41f,2024-11-28T18:34:22,TDID_30CD1DE2783A405F,UID2_cd442e8ae6c14456842f,partner_3197,adv_retail_brand_001,cmp_holiday_promo_2024,ag_holiday_prom_retargeting_native,cr_ag_holiday_prom_retargeting_native_1,Mobile,Android,Samsung Internet,CA,,https://retailmax.com/promo,Standard,True
59654434-e393-46d9-998a-c50490128a21,7dbab633-bf61-46af-8217-5655ed3b9ee6,2024-12-05T00:35:20,TDID_4D25D3CA92D94D68,UID2_f5f06e9aef204f5a892c,partner_5693,adv_auto_brand_003,cmp_electra_test_drive,ag_electra_test_prospecting_display,cr_ag_electra_test_prospecting_display_2,Mobile,Android,App,US,OH,https://electracar.com/promo,VideoCompanion,True
f8474da5-b796-4082-bd9a-12a268452253,da794ead-4eaf-43bc-b653-31ddd13b4348,2024-11-21T17:41:00,TDID_E2F7FA34482445AB,UID2_32701bb901834720b58a,partner_1217,adv_auto_brand_001,cmp_auto_yearend_sale,ag_auto_yearend_retargeting_native,cr_ag_auto_yearend_retargeting_native_2,Mobile,Android,Chrome,FR,,https://autodrive.com/promo,Standard,True
1c2ef69d-9ae1-4be7-a749-bc7e73e7f9bc,3c1f8483-f6aa-43b6-aa33-9aeb5bc6e381,2024-11-29T03:50:46,TDID_D0DAB1C4781A415B,UID2_bb0a8a6c79c5443b9bd9,partner_4230,adv_health_brand_002,cmp_wellness_newyear,ag_wellness_new_retargeting_native,cr_ag_wellness_new_retargeting_native_2,Desktop,Windows,Edge,UK,,https://wellnessfirst.com/promo,Standard,True
47c60843-bedb-4f0b-866e-af13e741f02a,b5f44b98-f262-4c78-89b9-ea7f69c6a668,2024-12-12T14:38:46,TDID_173FF1DF6E6C417C,UID2_6fdc49c043c149889531,partner_2260,adv_retail_brand_002,cmp_shopsmart_blackfriday,ag_shopsmart_bl_prospecting_native,cr_ag_shopsmart_bl_prospecting_native_1,Tablet,macOS,Edge,AU,,https://shopsmart.com/promo,VideoCompanion,True
8fb0189f-3316-4f22-bc2a-c53c657fbb28,63b0098d-d60f-46ac-bcf6-ca65cd1a15fa,2024-11-30T00:14:16,TDID_198B27E907CF4E58,UID2_e1d606f03cec426daaaa,partner_7677,adv_tech_brand_001,cmp_tech_holiday_bundle,ag_tech_holiday_prospecting_display,cr_ag_tech_holiday_prospecting_display_1,Mobile,iOS,Safari,DE,,https://techgiant.com/promo,VideoCompanion,True
0e40ec11-468e-4a47-a522-02b9bf40fab4,f556c02f-0e5f-494b-868a-bb51300bccfe,2024-11-24T02:37:02,TDID_F2FA8A35170C40A8,UID2_c06d954f29ab42feabda,partner_5549,adv_finance_brand_002,cmp_invest_retirement,ag_invest_retir_performance_video,cr_ag_invest_retir_performance_video_1,Desktop,macOS,Safari,AU,,https://investpro.com/promo,Expandable,True
716021dc-3e2e-41a0-a8e4-4f0fa6f96c30,48ff43a6-b659-4797-b433-132d6eee9d0f,2024-12-04T11:37:37,TDID_00579C46F652407E,UID2_cfc53776dcca4b23a9b5,partner_8612,adv_auto_brand_001,cmp_new_model_launch,ag_new_model_la_retargeting_display,cr_ag_new_model_la_retargeting_display_2,SmartTV,Roku,App,UK,,https://autodrive.com/promo,Standard,True
589299aa-4965-4351-85d3-cd85e863d61e,3419cbca-2aa4-4a11-8c29-8433701b1972,2024-12-14T13:21:48,TDID_45C4881516C44F96,UID2_3b4f89656db64f9c93b0,partner_1191,adv_tech_brand_002,cmp_cloud_enterprise,ag_cloud_enterp_retargeting_native,cr_ag_cloud_enterp_retargeting_native_3,Desktop,Windows,Safari,UK,,https://cloudsoft.com/promo,VideoCompanion,True
7ceae153-f3c6-4007-9608-33c2ea30ae7b,f795994a-108c-4b1b-867c-2efe938dc23d,2024-11-23T02:39:07,TDID_BD02EFC5DCF143F1,UID2_8f0e9f855b3a4e358def,partner_8556,adv_retail_brand_001,cmp_holiday_promo_2024,ag_holiday_prom_performance_display,cr_ag_holiday_prom_performance_display_3,Mobile,Android,App,DE,,https://retailmax.com/promo,VideoCompanion,True
79a2329b-63bb-4280-b6b3-ffbce9df9ed7,e8440cdc-f3c5-41eb-88f5-51f08311cc21,2024-11-30T18:11:16,TDID_489F9A46DB9D4EB0,UID2_7280452b4e3044ab901b,partner_7308,adv_retail_brand_002,cmp_shopsmart_loyalty,ag_shopsmart_lo_performance_display,cr_ag_shopsmart_lo_performance_display_3,Tablet,macOS,Firefox,US,OH,https://shopsmart.com/promo,VideoCompanion,True
49c604ea-3bd6-455a-ba34-ecee3807a4da,7123baaf-7835-4198-9e92-dd14dc3f7fb3,2024-12-12T17:46:43,TDID_2CE4CDCB4C604EB7,UID2_f189dcd3711f4d5eb551,partner_4495,adv_health_brand_002,cmp_wellness_newyear,ag_wellness_new_prospecting_video,cr_ag_wellness_new_prospecting_video_3,Desktop,macOS,Chrome,UK,,https://wellnessfirst.com/promo,Standard,True
7390c333-26f2-4b71-9121-95bfa349a4ce,53e4b476-03e0-461c-afb9-26c83303f072,2024-11-25T18:55:08,TDID_CC50CBB629A142DC,UID2_7fa7a6f94b7f415595e2,partner_7552,adv_travel_brand_001,cmp_winter_getaway,ag_winter_getaw_retargeting_native,cr_ag_winter_getaw_retargeting_native_1,Mobile,Android,Chrome,FR,,https://travelease.com/promo,Standard,True
3dd8873f-ea98-4353-9fb8-4fd295eda267,92229908-7389-4e4b-a432-db0057b85bfd,2024-11-30T21:45:17,TDID_3BB86817D2E84556,UID2_6ed5ff7627574eb0bcbf,partner_4199,adv_travel_brand_002,cmp_vacation_cruise,ag_vacation_cru_retargeting_display,cr_ag_vacation_cru_retargeting_display_1,Mobile,iOS,App,US,TX,https://vacationhub.com/promo,VideoCompanion,True
397363f0-46a1-402f-b583-9302b8a293d5,21ab1934-4067-4dd6-973a-127ee7e2e06c,2024-11-21T23:30:10,TDID_B00A76EA368A46A8,UID2_31bf1fb8daa9469f9e5f,partner_9402,adv_finance_brand_003,cmp_credit_rewards,ag_credit_rewar_retargeting_display,cr_ag_credit_rewar_retargeting_display_4,CTV,FireTV,App,FR,,https://creditmax.com/promo,Expandable,True
6f1dae53-1ee4-4e6c-a1dc-2c58335eb993,40cfa191-a93c-443b-b776-4e5ba24a6535,2024-12-15T15:14:00,TDID_E2771C0E28FD4429,UID2_2edeeda15ece4be2970f,partner_3653,adv_retail_brand_002,cmp_shopsmart_loyalty,ag_shopsmart_lo_performance_display,cr_ag_shopsmart_lo_performance_display_2,Tablet,macOS,Chrome,UK,,https://shopsmart.com/promo,Expandable,True
20a5b71e-d658-48b3-a9a3-74bf51f2bc55,7b8ceb78-eb83-4687-9dd5-1a749047e847,2024-11-18T08:05:36,TDID_67594C3B8037461D,UID2_ca70144eed7845a49a80,partner_3283,adv_cpg_brand_002,cmp_clean_newyear,ag_clean_newyea_performance_video,cr_ag_clean_newyea_performance_video_3,Mobile,Android,App,FR,,https://cleanhome.com/promo,Expandable,True
1f53e9f4-64e1-4446-94e8-32bfec857739,78be79d9-c847-4247-9b26-d3b19e568e69,2024-11-27T08:04:25,TDID_6FDB155C6CA84DC2,UID2_c2e7e52d4b374262a8f3,partner_8777,adv_retail_brand_002,cmp_shopsmart_blackfriday,ag_shopsmart_bl_retargeting_native,cr_ag_shopsmart_bl_retargeting_native_3,Desktop,Windows,Edge,UK,,https://shopsmart.com/promo,VideoCompanion,True
ec881942-b7fe-45c4-8d84-a788964d7266,4f5790f5-9ff1-43e0-9359-d889085d3d23,2024-12-04T10:24:23,TDID_86404249CA2149B9,UID2_7e18e4eefed642419502,partner_1107,adv_travel_brand_003,cmp_flight_holiday,ag_flight_holid_retargeting_display,cr_ag_flight_holid_retargeting_display_2,Mobile,Android,Safari,DE,,https://flightdeals.com/promo,VideoCompanion,True
37d152c9-c884-4182-984e-c6d6d3b6c28d,bf24022e-1fe5-4da4-8596-8abbe716bad1,2024-12-15T17:12:06,TDID_F116D36CA4A24B1D,UID2_adcf3c00747141588d34,partner_5552,adv_auto_brand_001,cmp_auto_yearend_sale,ag_auto_yearend_retargeting_native,cr_ag_auto_yearend_retargeting_native_2,Desktop,Windows,Safari,AU,,https://autodrive.com/promo,Expandable,True
c681f586-c1ae-45c1-92ae-dc4eebbb2305,d2756bc0-234e-44b3-8d23-632175ca00f2,2024-12-11T16:50:10,TDID_2E975EEEC3A340BC,UID2_c01526507f36471194e4,partner_3563,adv_travel_brand_003,cmp_flight_holiday,ag_flight_holid_awareness_video,cr_ag_flight_holid_awareness_video_2,SmartTV,Roku,App,DE,,https://flightdeals.com/promo,VideoCompanion,True
88ff0f5d-661b-4d32-ba3f-e0f6d13161a1,bca97813-d2cc-4a9a-a716-c49ec560c145,2024-11-24T08:07:32,TDID_3A152C7E149A4917,UID2_82a01c21b67d4c0b91e1,partner_3380,adv_retail_brand_001,cmp_retail_clearance,ag_retail_clear_performance_display,cr_ag_retail_clear_performance_display_2,SmartTV,Android,App,AU,,https://retailmax.com/promo,Expandable,True
cbd7ec77-f1ad-4301-966a-e562741c3413,23752950-6fd7-4ed9-b278-8876f6990dd9,2024-11-27T14:55:22,TDID_2842345423844E20,UID2_3fa15efecda04516a086,partner_6168,adv_ent_brand_001,cmp_stream_holiday,ag_stream_holid_retargeting_display,cr_ag_stream_holid_retargeting_display_2,Tablet,macOS,Chrome,UK,,https://streammax.com/promo,Standard,True
7ca4a2d4-c040-4618-9ad2-7de939368da7,2d264ea7-fb17-4893-956d-f6ac3a862006,2024-11-30T03:49:24,TDID_5749086C55A845C5,UID2_fac1f086e61a45e7bb3c,partner_5412,adv_finance_brand_001,cmp_bank_savings,ag_bank_savings_awareness_ctv,cr_ag_bank_savings_awareness_ctv_1,SmartTV,FireTV,App,US,GA,https://securebank.com/promo,Standard,True
5c61ef0e-a2cc-482f-818d-063f6edb1c41,889b35b0-d7a5-4236-9f60-f31f2b69be14,2024-12-05T13:18:14,TDID_1EF279A5140942EF,UID2_352dac503f364bfdaf0d,partner_1869,adv_retail_brand_003,cmp_megamart_grocery,ag_megamart_gro_prospecting_display,cr_ag_megamart_gro_prospecting_display_1,Tablet,macOS,Safari,DE,,https://megamart.com/promo,Expandable,True
0eea234a-f9be-4199-971b-8e5c8be5cc32,f643e27a-6dbc-4f3e-ae51-49676a9aa397,2024-12-12T23:54:00,TDID_C863799A5DB14055,UID2_f5abedc88a7048c28918,partner_5053,adv_auto_brand_003,cmp_electra_test_drive,ag_electra_test_retargeting_native,cr_ag_electra_test_retargeting_native_2,CTV,Roku,App,US,IL,https://electracar.com/promo,Standard,True
8b45b912-f141-40d1-bd6c-cc339d4e3156,cf9fd918-f162-4dcb-83d7-20b804cbe797,2024-12-05T07:21:37,TDID_3C7A6A7ADB2F412F,UID2_e0838463c050404abbc1,partner_4587,adv_ent_brand_001,cmp_stream_holiday,ag_stream_holid_prospecting_video,cr_ag_stream_holid_prospecting_video_1,Tablet,Windows,Safari,UK,,https://streammax.com/promo,Expandable,True
bcf84cdf-12f1-462f-8853-05c3425f064b,1ab90ab0-4375-48ed-9639-daf24ffc31b9,2024-11-28T19:00:41,TDID_3580D285BFF2474D,UID2_6a9ba64a910c4d5894f3,partner_4232,adv_travel_brand_003,cmp_flight_holiday,ag_flight_holid_performance_display,cr_ag_flight_holid_performance_display_4,CTV,FireTV,App,DE,,https://flightdeals.com/promo,Standard,True
c0eb6812-df71-440c-b671-9d451c8baa7f,e64b07d4-82eb-4233-8af9-812c274dfca8,2024-11-23T09:54:16,TDID_E4BE2EBC07F34618,UID2_7031085ed30f4c3f8c07,partner_7361,adv_auto_brand_001,cmp_new_model_launch,ag_new_model_la_awareness_video,cr_ag_new_model_la_awareness_video_2,CTV,Android,App,AU,,https://autodrive.com/promo,VideoCompanion,True
78d49a23-6e9b-4267-9980-01a0283c7661,f4e34e31-e833-4576-97c4-8638bd22dfe6,2024-11-19T10:18:17,TDID_25F2763C68B14A51,UID2_751360db384b4988a594,partner_2179,adv_finance_brand_003,cmp_credit_rewards,ag_credit_rewar_awareness_video,cr_ag_credit_rewar_awareness_video_3,Tablet,Windows,Edge,CA,,https://creditmax.com/promo,VideoCompanion,True
7c8b8ce1-fd7a-45b6-aba5-70c66f87c459,dbd70b48-381a-4ba7-b095-429eede17142,2024-11-24T13:55:43,TDID_AB025CACF78E4971,UID2_56ba78124a174d9b8664,partner_3474,adv_cpg_brand_001,cmp_fresh_holiday,ag_fresh_holida_performance_video,cr_ag_fresh_holida_performance_video_3,Desktop,macOS,Edge,AU,,https://freshfoods.com/promo,Expandable,True
d7305703-9630-4e21-9cd3-717112340dcd,da1c625f-a702-4e82-8e32-67cc5fa2eddc,2024-11-29T07:17:36,TDID_DFA861950A64437B,UID2_0281dd2d19214dcf81c4,partner_5659,adv_auto_brand_003,cmp_electra_test_drive,ag_electra_test_performance_video,cr_ag_electra_test_performance_video_2,Desktop,macOS,Edge,CA,,https://electracar.com/promo,VideoCompanion,True
3cbac330-f3ea-4284-a7c7-98ee05835a66,80269b5c-b2fd-4764-a085-c77146a103d9,2024-12-10T22:30:23,TDID_B7C147158E304B14,UID2_b6886e48d0ec42038725,partner_1913,adv_tech_brand_001,cmp_tech_holiday_bundle,ag_tech_holiday_prospecting_display,cr_ag_tech_holiday_prospecting_display_1,Mobile,Android,Chrome,FR,,https://techgiant.com/promo,Standard,True
d23da175-8a75-4c33-8134-a2864b9a8d3a,e95166d7-5e23-4bab-8406-632869852b3e,2024-12-12T04:04:54,TDID_E1AB65A59C4D4195,UID2_8c6e8f28ef034537b234,partner_4376,adv_retail_brand_002,cmp_shopsmart_blackfriday,ag_shopsmart_bl_prospecting_native,cr_ag_shopsmart_bl_prospecting_native_1,Tablet,Windows,Firefox,DE,,https://shopsmart.com/promo,VideoCompanion,True
4a118467-2615-4537-aa7a-27cfe8cc66e1,0baafeb7-eee3-4e94-927d-557a89cfb77d,2024-11-17T02:05:36,TDID_E7E13FC4894F4C4C,UID2_f7ef7c33fa0545cfbb86,partner_9795,adv_retail_brand_001,cmp_brand_awareness_q4,ag_brand_awaren_retargeting_native,cr_ag_brand_awaren_retargeting_native_2,Tablet,Windows,Firefox,DE,,https://retailmax.com/promo,VideoCompanion,True
14e227dd-6534-4f57-9a64-ed2c760b28a9,da0fc5df-f7b7-484e-8907-2cf36fee0d1f,2024-12-08T08:11:03,TDID_9C22829595804826,UID2_b81bfd4517d94ace8c31,partner_7407,adv_finance_brand_001,cmp_bank_savings,ag_bank_savings_performance_video,cr_ag_bank_savings_performance_video_2,Desktop,Windows,Firefox,FR,,https://securebank.com/promo,VideoCompanion,True
163a982f-a0fb-4623-9e5c-988e3d7a2961,95c1ed85-651f-48a1-a9a7-1e278f0dd9c4,2024-12-03T01:11:48,TDID_5A33A020BEE84CC2,UID2_9aba171066114b91a911,partner_5198,adv_retail_brand_001,cmp_retail_clearance,ag_retail_clear_performance_display,cr_ag_retail_clear_performance_display_1,Desktop,Windows,Firefox,FR,,https://retailmax.com/promo,Standard,True
c2d2e2ba-d863-4400-93e4-2d9a60f9b669,51505b0d-1a24-4022-aae1-1ae070d01e0e,2024-11-20T06:13:07,TDID_B3D03BFE21324304,UID2_ddd3e25da31b4cac90d3,partner_1717,adv_tech_brand_002,cmp_cloud_enterprise,ag_cloud_enterp_retargeting_native,cr_ag_cloud_enterp_retargeting_native_2,CTV,FireTV,App,AU,,https://cloudsoft.com/promo,Standard,True
1adbb2ea-375f-4bb9-b917-9332cacb67aa,dd99502b-3f3e-402f-939b-c425290a5290,2024-12-05T06:56:25,TDID_B0949E506C964863,UID2_d4e2358bc1d448578eb6,partner_2154,adv_travel_brand_001,cmp_travel_newyear,ag_travel_newye_awareness_ctv,cr_ag_travel_newye_awareness_ctv_1,SmartTV,FireTV,App,DE,,https://travelease.com/promo,Expandable,True
8dd5b555-e74f-4519-904b-54951b6fcf33,6b977ebe-63bc-4e19-a0ec-0c68cc755ebc,2024-12-05T09:07:04,TDID_00BA03EA390F49AD,UID2_d772346f7eec4f94a607,partner_8631,adv_finance_brand_003,cmp_credit_rewards,ag_credit_rewar_retargeting_display,cr_ag_credit_rewar_retargeting_display_4,Desktop,Windows,Chrome,UK,,https://creditmax.com/promo,VideoCompanion,True
3182a68e-c547-4dbf-a351-7534dc1eb7ed,26021c7e-4043-45e2-8512-1cdeb7737408,2024-11-21T20:15:58,TDID_49D8DD40E6E54616,UID2_2e55298b58864040bdb9,partner_2195,adv_health_brand_001,cmp_health_enrollment,ag_health_enrol_prospecting_video,cr_ag_health_enrol_prospecting_video_3,SmartTV,FireTV,App,DE,,https://healthplus.com/promo,VideoCompanion,True
61d528ae-57dd-49de-bde1-5edc1da998d1,d966c6b5-2ad3-4914-ad51-36fb4fdb588c,2024-12-04T20:50:16,TDID_1140BA15AFF0461F,UID2_68e191edb47c4a4a802d,partner_7739,adv_auto_brand_001,cmp_new_model_launch,ag_new_model_la_retargeting_display,cr_ag_new_model_la_retargeting_display_3,Mobile,Android,App,FR,,https://autodrive.com/promo,Standard,True
61694532-df55-4b6f-a0ca-c9e6ee24985e,7bd9091c-571a-48ed-bfb1-2a0f75c38b55,2024-11-25T05:37:33,TDID_9F275FDB9D884149,UID2_bc4f489d041646b48f02,partner_9353,adv_ent_brand_001,cmp_stream_holiday,ag_stream_holid_prospecting_video,cr_ag_stream_holid_prospecting_video_1,SmartTV,Android,App,UK,,https://streammax.com/promo,Standard,True
d9a47c54-ead2-4086-af06-54e2a743c166,509cf7db-4beb-4a98-9619-b77aa40f253b,2024-12-08T11:27:47,TDID_6287D712B8F54D5B,UID2_9f02aa9ea1454550963b,partner_8398,adv_tech_brand_001,cmp_tech_product_launch,ag_tech_product_performance_video,cr_ag_tech_product_performance_video_2,Desktop,Windows,Firefox,FR,,https://techgiant.com/promo,VideoCompanion,True
c9db071f-74a9-4e45-90ba-0bc419332bd0,a21b0d67-b2d7-446a-a679-292e64c5c5de,2024-12-08T17:40:05,TDID_5DEBF4BF4B4A4904,UID2_9a553eee37a9417492f5,partner_6640,adv_finance_brand_003,cmp_credit_rewards,ag_credit_rewar_retargeting_display,cr_ag_credit_rewar_retargeting_display_1,Mobile,Android,App,DE,,https://creditmax.com/promo,Expandable,True
d1444aac-25c3-45a6-86bb-0895e991225a,c3156bc6-b6cb-4561-afac-9ac25566bf30,2024-12-06T16:46:50,TDID_F2358DFE377F4C21,UID2_4708b8fb7fe64b9ea8e9,partner_5072,adv_finance_brand_001,cmp_bank_savings,ag_bank_savings_performance_video,cr_ag_bank_savings_performance_video_2,SmartTV,Android,App,US,PA,https://securebank.com/promo,Expandable,True
33691e40-184d-4126-9ae8-f4e84a441383,2582ad6a-0508-46f6-b354-bd63c624fb32,2024-11-25T12:39:17,TDID_5DDA8BB575C84279,UID2_24e81e4cc41d44c59f96,partner_6103,adv_cpg_brand_002,cmp_clean_newyear,ag_clean_newyea_prospecting_native,cr_ag_clean_newyea_prospecting_native_1,Mobile,iOS,Samsung Internet,DE,,https://cleanhome.com/promo,Expandable,True
2ed5d757-647c-4bfb-a0b6-5c4605d4cb3e,94c321f1-73a2-4bac-83e3-228a606544f3,2024-12-12T10:56:06,TDID_B013DB13037E4FB5,UID2_047fdd36d184423681db,partner_8834,adv_travel_brand_002,cmp_vacation_cruise,ag_vacation_cru_performance_video,cr_ag_vacation_cru_performance_video_1,Desktop,Windows,Chrome,FR,,https://vacationhub.com/promo,Expandable,True
cf4d1173-e474-460d-9f92-9b90210c29f8,21c05a93-32d9-473b-8234-4347a39d2038,2024-12-14T21:38:18,TDID_E3772D7CAA7146F8,UID2_016ec344ba834f5daa78,partner_8376,adv_cpg_brand_002,cmp_clean_newyear,ag_clean_newyea_performance_video,cr_ag_clean_newyea_performance_video_1,Tablet,macOS,Firefox,UK,,https://cleanhome.com/promo,Standard,True
f66504b0-4044-4712-96fd-06a1239bb7a5,9386ff9a-31be-4145-99d8-ec9a388985cb,2024-12-12T18:25:03,TDID_129A3FF7C72F4BC4,UID2_8c858face55845a2ba2a,partner_1827,adv_travel_brand_002,cmp_vacation_cruise,ag_vacation_cru_prospecting_display,cr_ag_vacation_cru_prospecting_display_2,Mobile,Android,Chrome,DE,,https://vacationhub.com/promo,Standard,True
250e4749-39b0-4f75-870a-d3949513f7ad,e3a66aac-3868-4793-87e5-c6dbb6a30459,2024-12-07T20:16:08,TDID_0012E6ABE67A4CA8,UID2_0d47f47d67db4a9394da,partner_9900,adv_auto_brand_002,cmp_speed_performance,ag_speed_perfor_performance_video,cr_ag_speed_perfor_performance_video_1,Mobile,Android,Chrome,CA,,https://speedmotors.com/promo,Expandable,True
94d05e94-0d0a-492d-8011-a64d0bd7097a,83baf2f2-e93b-4e62-b64c-47d5e672300d,2024-11-16T20:44:04,TDID_7FC2D2AAC1CC4AB2,UID2_dc481ccfcc4d4ce7b3c3,partner_4875,adv_tech_brand_003,cmp_app_install,ag_app_install_retargeting_display,cr_ag_app_install_retargeting_display_1,CTV,tvOS,App,CA,,https://appmaster.com/promo,Standard,True
79f9ea1f-1e55-407d-a431-eb781cf6fdcd,e1ff6341-927d-4636-a19d-146de0ddb0ac,2024-12-14T07:33:01,TDID_E414E3998D854AAD,UID2_40d040e05da54edc9c56,partner_5403,adv_tech_brand_003,cmp_app_install,ag_app_install_prospecting_video,cr_ag_app_install_prospecting_video_3,CTV,FireTV,App,AU,,https://appmaster.com/promo,VideoCompanion,True
1523e362-5e7c-465b-9a99-b01f415b54f7,0d2204b2-4554-410f-84cd-92812f1e372e,2024-11-30T02:12:50,TDID_2DDDD346391B4599,UID2_9e8886ad0f5d4fa0bf49,partner_2855,adv_ent_brand_001,cmp_stream_holiday,ag_stream_holid_awareness_video,cr_ag_stream_holid_awareness_video_1,Desktop,Windows,Chrome,US,MI,https://streammax.com/promo,VideoCompanion,True
37dd1ae3-6e26-42c9-8d37-ab521dfca679,0ea42fa4-c903-47c8-b3c5-abe00512ee37,2024-11-22T15:07:23,TDID_EA08375DC4F749DF,UID2_e57e0d0a2af84ff386c4,partner_3648,adv_finance_brand_001,cmp_bank_mortgage,ag_bank_mortgag_performance_display,cr_ag_bank_mortgag_performance_display_1,Tablet,macOS,Chrome,DE,,https://securebank.com/promo,Standard,True
bb5fa123-43e1-4a21-908c-060d2810e230,15d1147a-6770-4cc7-badc-8507e26aaa4d,2024-11-19T02:27:49,TDID_5A8C5B372EAD4271,UID2_f19614e48dd34998a011,partner_3343,adv_auto_brand_003,cmp_electra_test_drive,ag_electra_test_prospecting_display,cr_ag_electra_test_prospecting_display_3,SmartTV,Roku,App,DE,,https://electracar.com/promo,Expandable,True
28ce864a-4c66-4e6e-a717-b9ab3bbfeb51,4bce8953-7dfe-4472-8147-9e140e701a0d,2024-11-23T17:10:36,TDID_0109BCD8E3544657,UID2_dc008e8393e048118988,partner_6326,adv_retail_brand_001,cmp_holiday_promo_2024,ag_holiday_prom_retargeting_native,cr_ag_holiday_prom_retargeting_native_2,Desktop,macOS,Edge,US,MI,https://retailmax.com/promo,Standard,True
fb0a5399-4dfa-4fe4-b463-0f58eae0b1b9,0ca7bab5-8b77-4402-beb7-20b4788072bd,2024-12-15T20:05:11,TDID_CDF38317BD6B4F8C,UID2_b7a01f93aa4848578578,partner_1070,adv_health_brand_002,cmp_wellness_newyear,ag_wellness_new_prospecting_video,cr_ag_wellness_new_prospecting_video_2,SmartTV,FireTV,App,UK,,https://wellnessfirst.com/promo,VideoCompanion,False
6a80334f-77d1-4ed0-a230-8a837cfa62cb,fbfb62b3-c7d6-4abc-a69a-69c02f99959d,2024-12-08T14:16:41,TDID_B6650649588C4755,UID2_e51b493d5da145ed94cb,partner_7250,adv_auto_brand_003,cmp_electra_ev_awareness,ag_electra_ev_a_retargeting_native,cr_ag_electra_ev_a_retargeting_native_2,Mobile,Android,App,DE,,https://electracar.com/promo,Expandable,True
6bd6e92a-0297-4f87-8e8c-d04aedc20c5b,b5f9a577-c8a8-4ba6-b5df-8cc57be203c3,2024-12-03T08:19:33,TDID_860E4AAF8E044362,UID2_3fb4992860fd400baf0d,partner_5781,adv_travel_brand_001,cmp_winter_getaway,ag_winter_getaw_performance_display,cr_ag_winter_getaw_performance_display_2,Desktop,Windows,Safari,DE,,https://travelease.com/promo,Standard,True
88a2a089-a8ee-4652-9d1e-0f4419cd349e,b9112d17-c951-4516-9cc5-72b3d3e5f67d,2024-11-21T13:25:42,TDID_96F696A0012C4262,UID2_fd7057490a90421da371,partner_6670,adv_ent_brand_002,cmp_game_launch,ag_game_launch_performance_display,cr_ag_game_launch_performance_display_3,Mobile,iOS,App,US,IL,https://gamezone.com/promo,VideoCompanion,True
7f0de2e0-1077-450f-a911-7e0a07809cad,a329551f-d14d-443b-a914-bd0db62555ab,2024-12-08T01:02:31,TDID_208583378ED94B6F,UID2_e996d781b5f34593a2fb,partner_7909,adv_finance_brand_002,cmp_invest_retirement,ag_invest_retir_performance_video,cr_ag_invest_retir_performance_video_1,Mobile,iOS,Samsung Internet,AU,,https://investpro.com/promo,Expandable,True
c6e6a739-4674-4e9e-85c7-230596613878,75cfea57-919d-441e-9529-9581acff402d,2024-12-06T11:48:45,TDID_202411C05E5847D7,UID2_2af7e4814e3f450aad25,partner_1490,adv_retail_brand_002,cmp_shopsmart_blackfriday,ag_shopsmart_bl_retargeting_native,cr_ag_shopsmart_bl_retargeting_native_1,SmartTV,tvOS,App,AU,,https://shopsmart.com/promo,Standard,True
37be287f-4194-479f-8de8-5026aeea1f17,a48d642b-9d34-487e-9d06-6369f991c98c,2024-12-12T02:54:43,TDID_237C19C82ABA4D7A,UID2_14a69ea49dec486badcc,partner_4123,adv_travel_brand_003,cmp_flight_holiday,ag_flight_holid_prospecting_video,cr_ag_flight_holid_prospecting_video_3,CTV,Android,App,FR,,https://flightdeals.com/promo,Expandable,True
fb27697f-7bbe-4162-8b73-9605e39bd098,48419aac-0d6b-4c50-99ea-d5ee50e2a671,2024-11-18T19:30:26,TDID_1D9288FA1B40403F,UID2_f663cfb16a624aacae8f,partner_2633,adv_retail_brand_002,cmp_shopsmart_loyalty,ag_shopsmart_lo_prospecting_native,cr_ag_shopsmart_lo_prospecting_native_2,SmartTV,tvOS,App,FR,,https://shopsmart.com/promo,Standard,True
13ffff63-b9d3-47b0-99a4-24312183f5ee,71b28c5e-8f4c-4477-875f-e741244858b3,2024-11-19T15:03:06,TDID_6F8D38F87AD14A60,UID2_094c8db7225f41538292,partner_2768,adv_health_brand_001,cmp_health_enrollment,ag_health_enrol_awareness_ctv,cr_ag_health_enrol_awareness_ctv_1,Mobile,Android,Safari,US,IL,https://healthplus.com/promo,Standard,True
d484b2d0-a9db-4036-9d49-a2cd56caf57e,e4670c91-089e-4034-afbe-9f2ae7d6e8d9,2024-11-30T23:48:09,TDID_260B7EE0174D43D1,UID2_ae6fb9d614c346dbac5b,partner_1865,adv_retail_brand_002,cmp_shopsmart_loyalty,ag_shopsmart_lo_retargeting_native,cr_ag_shopsmart_lo_retargeting_native_1,CTV,Android,App,AU,,https://shopsmart.com/promo,VideoCompanion,True
4a9f64ff-3104-4e26-8135-575b7da17e96,d3b3431b-0943-46c3-b5cc-8e715f228fb9,2024-12-06T23:47:26,TDID_8DDCC15B9BB64A21,UID2_1e3ddb7dfd18408da446,partner_2908,adv_ent_brand_002,cmp_game_launch,ag_game_launch_awareness_video,cr_ag_game_launch_awareness_video_2,CTV,Android,App,CA,,https://gamezone.com/promo,VideoCompanion,True
f32c7149-b8dc-499b-98a8-c0115a5b6942,720faa60-7d8f-4c04-8ce5-30baedef42e5,2024-12-11T08:56:23,TDID_552E2D4EEF714FF0,UID2_6a8c517042034b758322,partner_8953,adv_retail_brand_002,cmp_shopsmart_loyalty,ag_shopsmart_lo_performance_display,cr_ag_shopsmart_lo_performance_display_3,Desktop,macOS,Firefox,AU,,https://shopsmart.com/promo,VideoCompanion,True
10cb2b5c-f855-4003-88c9-e8fd9a3ad52b,0daf23ca-daaf-4a8c-89df-270f41faabb7,2024-12-03T16:54:18,TDID_85A0E7BF573C4096,UID2_1fcddcc0bf854cd0acf5,partner_2427,adv_cpg_brand_002,cmp_clean_newyear,ag_clean_newyea_performance_video,cr_ag_clean_newyea_performance_video_1,SmartTV,tvOS,App,DE,,https://cleanhome.com/promo,Expandable,True
7c74146e-d4f2-4da8-ab4f-370868d7820b,da4b48c5-fd9b-45d9-a070-168acf3dda59,2024-11-23T09:03:08,TDID_1D727F4C1B404A99,UID2_ddb05e3a8b6447c9b864,partner_2212,adv_retail_brand_001,cmp_retail_clearance,ag_retail_clear_performance_display,cr_ag_retail_clear_performance_display_2,Desktop,macOS,Safari,US,NC,https://retailmax.com/promo,Expandable,True
cc887d6a-6337-49a2-a4e6-661544b21817,ce133527-be0c-4fd3-86de-2722f423eb6c,2024-11-16T06:10:08,TDID_5BE28512E6BC4EF1,UID2_65360115d0514bd1b6b8,partner_6456,adv_finance_brand_003,cmp_credit_rewards,ag_credit_rewar_awareness_video,cr_ag_credit_rewar_awareness_video_1,CTV,FireTV,App,US,CA,https://creditmax.com/promo,VideoCompanion,True
4dad1b1c-bec5-4987-acc6-2d4a7bb0bbdd,fa727488-53fe-4131-9a30-27509e58ab24,2024-11-26T00:00:19,TDID_A5ADD88616194E44,UID2_2f9f764c9b7543ec865d,partner_7107,adv_finance_brand_001,cmp_bank_savings,ag_bank_savings_performance_video,cr_ag_bank_savings_performance_video_1,Tablet,Windows,Chrome,AU,,https://securebank.com/promo,Expandable,True
cd3f9dcf-e8cf-416f-8eed-f57f441c0e7f,de2055e3-8756-4f3e-9f34-fcdfc9ce597a,2024-12-15T06:32:29,TDID_F432045BEF644314,UID2_366396cf332641efb579,partner_6136,adv_ent_brand_002,cmp_game_launch,ag_game_launch_prospecting_video,cr_ag_game_launch_prospecting_video_3,Desktop,macOS,Safari,CA,,https://gamezone.com/promo,VideoCompanion,True
41b45dcf-f357-440f-a230-acbabe063958,3e610c55-4278-4067-8ca9-62fee8d97d2c,2024-12-01T14:17:12,TDID_1133962D84F647A4,UID2_a2dbeb120a3b472a9e97,partner_5927,adv_auto_brand_003,cmp_electra_test_drive,ag_electra_test_prospecting_display,cr_ag_electra_test_prospecting_display_2,SmartTV,Android,App,FR,,https://electracar.com/promo,Standard,True
76e9dce0-a074-4d72-8b60-d15e36f05769,2c277fd1-0861-420d-9021-3b873b050543,2024-12-08T12:45:01,TDID_38D052ED057C457F,UID2_4d962f2ae35f4595a7fe,partner_1855,adv_cpg_brand_001,cmp_fresh_holiday,ag_fresh_holida_retargeting_native,cr_ag_fresh_holida_retargeting_native_2,Desktop,Windows,Edge,UK,,https://freshfoods.com/promo,Expandable,True
